Age,MonthlyIncome,CreditScore,ExistingLoan,LoanAmount,LoanTerm,Dependents,EmploymentStatus,EmploymentYears,PaymentHistory,Eligible
59,132961,537,221576,199485,36,1,Salaried,7,Good,1
49,55379,671,481483,276833,12,1,Salaried,5,Poor,1
35,32297,785,219393,612773,12,1,Salaried,2,Good,1
28,17011,324,498149,249304,60,0,Salaried,4,Good,0
41,135234,455,341508,947936,12,0,Self-Employed,8,Poor,0
59,59014,816,332221,852533,24,0,Salaried,15,Average,1
39,109333,829,302788,583119,24,4,Business,15,Good,1
43,26120,356,324787,527799,24,2,Unemployed,8,Poor,0
31,37852,318,275455,364041,24,0,Business,17,Good,1
31,94239,683,254084,55004,60,4,Business,12,Average,1
44,147001,492,129466,358068,24,2,Salaried,10,Good,1
56,106575,536,30531,464725,48,0,Salaried,9,Average,1
60,110040,686,14588,87170,48,1,Self-Employed,9,Good,1
44,20744,725,311560,617843,48,3,Salaried,5,Good,0
23,57359,576,143452,457878,12,0,Unemployed,15,Average,0
42,113746,526,173717,168115,36,3,Salaried,11,Average,1
22,135906,622,411034,940648,60,0,Unemployed,3,Average,0
44,22597,452,161929,902362,48,1,Salaried,4,Poor,0
50,62093,536,21711,228475,48,3,Business,1,Good,1
58,129650,354,136169,348509,24,4,Salaried,18,Good,1
22,135956,735,378492,374332,48,1,Salaried,0,Average,1
41,130598,408,159465,781420,24,3,Business,3,Average,0
53,148241,483,284220,410777,24,3,Salaried,11,Good,1
32,23036,667,346418,994177,36,1,Business,1,Good,1
42,46778,497,319753,113471,12,1,Self-Employed,11,Good,0
45,33800,670,160389,460372,24,1,Salaried,15,Poor,1
47,40372,672,497981,631575,24,2,Unemployed,1,Good,1
48,76516,796,58480,444861,36,4,Salaried,16,Good,1
36,35538,500,269188,371220,24,0,Business,1,Good,1
35,78918,808,464249,537801,60,3,Self-Employed,3,Average,1
23,86155,621,250309,690763,12,0,Self-Employed,5,Poor,1
57,74500,574,55486,100151,60,1,Salaried,6,Average,1
27,125659,510,55162,641672,48,4,Salaried,14,Poor,0
41,42716,803,210359,412009,12,4,Self-Employed,19,Good,1
29,149308,417,29882,607829,48,2,Salaried,11,Good,1
59,17352,341,54078,122847,24,1,Salaried,4,Average,1
38,148004,614,320878,792459,36,3,Self-Employed,13,Good,1
24,91449,628,238680,261811,60,2,Self-Employed,15,Good,1
45,23556,316,108730,887387,48,1,Salaried,10,Average,0
34,101836,582,174898,976794,24,2,Salaried,11,Average,1
29,65098,557,350129,543570,60,0,Salaried,18,Poor,0
46,127169,318,306172,788027,60,1,Salaried,16,Poor,1
22,141060,828,444547,473359,48,3,Salaried,6,Good,1
40,145544,722,98938,992013,24,3,Salaried,8,Poor,1
48,15340,765,118319,399924,36,1,Unemployed,13,Good,1
27,97302,672,32543,742101,48,2,Business,19,Average,1
28,15138,380,124279,470114,60,4,Salaried,11,Good,0
55,146430,850,29362,567649,60,1,Salaried,14,Good,1
34,134619,847,420531,149919,12,3,Business,11,Poor,1
37,100376,723,158818,424998,24,0,Salaried,20,Good,1
56,114931,728,403273,266746,12,3,Business,20,Average,1
60,96532,687,242721,244020,36,4,Unemployed,12,Good,1
24,70778,503,305059,636056,48,3,Self-Employed,8,Good,1
22,52772,495,414277,93262,60,4,Salaried,6,Good,1
26,73478,584,313514,448722,24,1,Business,0,Average,0
24,41762,495,165229,594893,60,3,Unemployed,9,Good,1
49,70568,606,373519,652878,12,2,Self-Employed,5,Good,1
38,100090,313,142394,340375,12,2,Self-Employed,14,Average,1
46,35219,445,69812,653685,48,3,Salaried,14,Good,1
54,72169,356,471058,127123,24,3,Salaried,8,Good,1
30,89965,509,296161,849947,24,0,Business,12,Poor,1
56,99754,828,318936,399355,48,3,Unemployed,0,Good,1
34,92988,643,420958,481838,12,0,Self-Employed,8,Good,1
51,147379,578,228208,853032,12,0,Business,2,Average,1
35,95388,508,458024,208964,12,0,Salaried,8,Average,0
28,105768,634,391342,905742,60,0,Salaried,19,Average,0
34,50428,587,279773,989305,36,1,Self-Employed,14,Poor,0
43,107021,551,128614,218767,12,2,Salaried,6,Good,1
60,133418,564,401461,996357,36,0,Self-Employed,3,Poor,0
41,147212,570,96950,709789,36,2,Salaried,19,Poor,1
36,41421,718,174942,709966,24,0,Business,16,Poor,1
38,16708,510,488850,447694,48,2,Business,3,Good,0
44,149702,664,64829,688668,60,3,Salaried,18,Poor,1
46,91021,375,245602,527032,36,3,Salaried,4,Good,1
45,59789,620,10588,745494,60,2,Self-Employed,15,Average,1
49,41086,732,393658,513179,24,0,Unemployed,2,Good,1
35,31859,408,367424,948212,12,1,Self-Employed,10,Average,0
21,22684,821,496195,206547,36,2,Salaried,14,Average,0
45,106088,346,470555,902609,48,4,Salaried,18,Good,1
27,147279,678,302865,727090,24,1,Salaried,20,Poor,1
29,61099,395,168217,202185,60,4,Salaried,13,Good,1
44,81093,402,272743,725371,12,2,Business,15,Average,0
21,63651,445,334738,105746,60,0,Business,5,Good,0
28,28893,326,475958,959507,48,4,Salaried,4,Poor,0
44,81418,829,208502,748213,36,2,Salaried,20,Good,1
31,140074,381,134011,921627,48,1,Salaried,16,Good,1
37,118065,727,252856,873250,60,0,Unemployed,15,Good,1
28,145351,778,284293,218393,60,4,Self-Employed,1,Average,1
55,53635,461,389760,333453,48,2,Self-Employed,10,Average,1
55,110071,701,197639,986192,48,0,Salaried,3,Good,1
53,93518,807,141280,340320,48,0,Self-Employed,5,Good,1
25,121233,337,197170,643167,12,3,Salaried,6,Good,1
59,118651,810,371178,641880,60,0,Salaried,16,Poor,1
48,87805,692,180564,396872,24,2,Self-Employed,7,Average,1
27,137813,793,20951,270084,12,1,Self-Employed,0,Good,1
29,94063,499,179992,976920,12,3,Salaried,14,Good,1
28,17454,554,46766,771782,12,2,Salaried,19,Good,0
32,35878,478,319158,845016,24,2,Salaried,11,Poor,0
54,83344,846,159423,698843,48,2,Salaried,14,Good,1
53,119946,688,477432,405446,60,4,Self-Employed,14,Average,1
43,51593,697,442602,958840,36,4,Unemployed,8,Good,1
44,51304,457,87122,593118,36,1,Salaried,15,Good,1
57,128613,303,271452,266897,60,2,Salaried,1,Good,1
55,33354,466,321396,826522,24,4,Salaried,14,Poor,0
60,37190,767,468361,913498,36,4,Self-Employed,14,Poor,0
42,21142,708,488247,840023,12,4,Salaried,6,Good,1
47,56862,711,83211,143878,36,1,Business,20,Good,1
55,140438,503,421280,175407,60,1,Salaried,12,Good,1
21,63456,493,447095,691157,12,2,Self-Employed,16,Average,1
55,115167,534,126534,307716,36,3,Business,10,Average,1
57,97035,449,8720,857827,60,2,Unemployed,9,Good,1
34,23016,458,388348,66738,24,4,Unemployed,0,Good,0
23,17384,578,436156,183703,60,4,Business,13,Average,0
21,117239,703,79993,723265,24,0,Unemployed,4,Average,1
25,126431,610,461691,593344,12,2,Salaried,7,Good,0
46,95018,367,309257,815034,60,4,Salaried,0,Average,0
34,55510,762,311070,560241,48,4,Salaried,6,Average,1
59,36826,387,431419,433800,48,3,Business,1,Good,0
47,83026,516,219973,689604,48,0,Unemployed,6,Good,1
29,136668,300,398608,740807,48,2,Salaried,6,Good,1
35,39045,434,25905,628706,48,1,Self-Employed,8,Average,1
35,105102,650,204580,873622,24,2,Business,3,Average,1
46,66919,439,50385,76014,60,2,Unemployed,6,Poor,0
33,114441,432,30653,778359,12,3,Self-Employed,19,Good,1
52,133325,477,91865,813277,48,2,Unemployed,17,Average,0
59,34337,657,477936,231350,48,3,Salaried,12,Good,1
52,92949,679,125813,961995,12,3,Salaried,10,Good,1
24,15276,749,145871,838212,12,4,Self-Employed,8,Average,1
50,66151,762,191175,534859,48,1,Salaried,13,Poor,1
57,67887,407,248535,764618,24,3,Salaried,7,Good,1
43,96442,421,15052,540339,12,0,Business,20,Poor,0
59,64847,316,137116,92192,60,0,Business,13,Good,1
35,73653,495,150943,941307,60,1,Business,20,Good,1
49,71622,626,220375,411273,24,3,Salaried,16,Good,1
56,42810,617,413450,93923,36,1,Self-Employed,13,Average,0
33,92842,778,21381,663484,24,4,Salaried,4,Good,1
52,137225,551,148346,576683,48,0,Salaried,9,Good,1
27,25503,802,243234,414593,36,2,Self-Employed,5,Good,1
42,99761,418,481056,433891,48,0,Salaried,9,Average,0
48,141439,797,256017,802744,60,3,Salaried,10,Good,1
22,26590,785,345252,458995,12,1,Business,5,Good,1
26,81624,344,235020,645316,48,0,Salaried,9,Poor,1
48,135356,613,49892,997226,60,2,Unemployed,13,Average,1
48,57727,478,181593,450327,24,2,Self-Employed,19,Good,1
40,93471,717,353645,816751,48,1,Unemployed,2,Good,1
50,23068,377,214992,715344,60,1,Salaried,6,Average,0
31,131923,625,345535,929608,12,0,Self-Employed,1,Good,0
48,26390,656,280064,777688,48,3,Salaried,6,Average,0
45,121752,715,278846,305315,60,4,Business,16,Good,1
59,109754,814,256216,339068,48,2,Salaried,12,Good,1
53,90969,513,496673,495919,12,1,Salaried,20,Good,1
21,92064,373,264038,344721,48,4,Business,8,Poor,0
47,36281,808,293129,188783,48,4,Salaried,12,Poor,1
33,69189,631,159359,659836,60,4,Salaried,14,Poor,1
23,63511,392,258771,307288,36,3,Salaried,12,Good,1
59,137115,818,125702,543085,48,1,Self-Employed,16,Average,1
26,23605,568,73527,545187,36,2,Salaried,7,Good,0
28,115318,675,146511,699381,24,1,Salaried,8,Average,1
47,147453,303,390820,285835,48,0,Salaried,8,Good,1
29,34810,437,225692,971600,36,2,Self-Employed,7,Average,1
57,56869,530,304379,902987,24,1,Business,15,Poor,0
53,47955,828,158731,401992,60,2,Salaried,19,Good,1
44,76388,351,287120,256084,48,0,Salaried,6,Good,0
35,25207,624,235311,844686,60,2,Salaried,16,Good,0
52,37031,576,344787,437554,24,4,Salaried,6,Good,1
52,95807,835,198937,803315,60,3,Salaried,5,Good,1
44,86312,785,369775,520336,60,0,Salaried,4,Average,1
32,74766,815,199378,973469,12,2,Self-Employed,16,Good,1
59,104833,451,56697,258072,24,0,Unemployed,7,Average,0
22,126041,782,70382,298029,60,4,Salaried,0,Good,1
23,131185,558,278795,259047,36,3,Self-Employed,15,Good,1
57,25350,623,180116,415169,24,0,Self-Employed,16,Good,1
37,115859,467,14633,180509,12,4,Self-Employed,2,Good,1
22,83487,609,79164,812072,48,4,Business,12,Average,0
22,138853,778,262713,345107,60,4,Salaried,7,Good,1
48,68117,355,453116,577561,36,2,Salaried,15,Average,0
43,116084,772,329653,589618,12,1,Self-Employed,6,Good,1
57,38782,595,123425,202566,24,0,Salaried,20,Poor,1
52,43454,760,363270,650710,60,1,Salaried,14,Average,1
53,82904,623,250220,958521,12,4,Salaried,1,Good,0
21,144936,440,389666,53212,12,1,Salaried,1,Good,1
39,137258,561,295182,282131,36,4,Self-Employed,9,Good,1
22,126668,719,180160,526657,48,4,Salaried,4,Average,1
46,139184,540,204249,661882,48,3,Salaried,3,Good,1
52,31566,654,205538,182152,48,3,Salaried,14,Average,1
26,53333,479,465432,344819,24,1,Salaried,12,Good,1
52,136929,365,197865,72007,12,0,Unemployed,16,Good,1
24,104571,647,467002,688093,24,1,Salaried,20,Good,1
31,135263,470,300282,394785,12,0,Unemployed,0,Good,1
37,147661,773,456526,670103,36,1,Self-Employed,17,Average,1
58,40235,833,421973,883247,36,2,Business,14,Good,1
44,15159,666,201466,919914,24,2,Salaried,13,Poor,1
25,119859,406,472243,837071,24,0,Salaried,8,Average,0
54,122507,738,484046,375737,36,3,Business,11,Good,1
26,29743,526,187223,562164,60,0,Business,4,Good,0
42,61101,743,372884,128038,48,1,Salaried,1,Good,1
31,136534,741,111174,406043,48,4,Salaried,6,Average,1
36,99227,695,311416,840168,36,2,Salaried,20,Good,1
53,86126,383,137980,827794,48,4,Unemployed,8,Good,1
29,71071,850,404060,66473,60,2,Salaried,17,Good,1
26,89763,312,313599,703059,60,1,Self-Employed,3,Good,1
36,61154,792,496381,175801,12,2,Business,1,Poor,1
49,22016,567,68447,944030,24,0,Business,0,Poor,0
23,104678,824,205599,660911,48,4,Self-Employed,11,Good,1
40,127056,419,339252,558252,60,4,Salaried,12,Average,0
56,69238,652,436282,275097,24,1,Unemployed,13,Poor,0
39,73608,356,226301,348964,24,4,Self-Employed,4,Good,1
46,104081,339,433220,265933,12,1,Business,2,Average,1
23,65961,635,300477,369733,24,3,Salaried,3,Good,1
39,41917,472,383363,771167,24,0,Self-Employed,16,Average,1
40,42990,846,345173,330558,36,2,Salaried,18,Average,1
52,77551,558,301841,439522,12,2,Salaried,10,Poor,0
27,95811,816,279778,74220,12,2,Business,7,Good,1
53,70103,822,387664,634819,48,3,Self-Employed,11,Average,1
60,121122,416,286705,422146,24,0,Self-Employed,17,Good,1
59,34008,483,411249,557409,48,4,Salaried,17,Good,0
38,47402,415,466103,747785,60,4,Self-Employed,8,Poor,0
60,128550,461,55063,59387,24,0,Salaried,4,Average,0
21,106218,842,288065,295752,60,0,Self-Employed,20,Good,1
31,148296,536,19340,651103,36,2,Salaried,16,Average,0
48,135779,365,62781,601872,24,4,Business,12,Good,1
45,144714,369,277045,619071,48,0,Business,5,Good,1
43,47441,746,10638,745169,48,4,Salaried,13,Average,1
51,77368,715,431812,759687,24,0,Salaried,14,Good,1
50,107122,831,217986,698782,48,1,Self-Employed,13,Good,1
55,59760,740,306468,690102,24,2,Self-Employed,3,Average,1
27,38478,763,350500,300139,12,0,Business,17,Good,1
36,142881,695,221668,967184,48,3,Self-Employed,0,Good,1
46,86854,850,294786,550228,24,0,Salaried,11,Good,1
22,109230,694,25378,716217,24,1,Salaried,8,Poor,1
21,100716,625,313011,747621,48,3,Salaried,9,Poor,0
32,113538,390,335830,910020,12,3,Salaried,20,Good,0
25,30372,369,305019,984499,48,0,Self-Employed,17,Good,1
57,44796,465,118171,296509,24,1,Salaried,16,Average,0
52,113826,513,482811,63580,12,3,Unemployed,18,Average,1
29,135592,634,362205,592528,60,2,Business,3,Good,0
55,108635,668,214801,828639,36,2,Business,15,Good,1
39,126022,348,64377,395590,48,4,Unemployed,6,Poor,0
36,69040,351,260339,518968,24,4,Salaried,8,Good,1
23,90357,588,54691,940965,12,1,Business,7,Good,1
40,93356,538,486553,828559,12,3,Salaried,6,Average,0
44,31211,432,457519,533663,60,2,Salaried,9,Good,1
53,120426,465,454055,478082,48,2,Business,7,Good,1
44,20842,673,311207,655262,12,1,Salaried,16,Poor,0
31,81852,672,91782,647689,60,3,Unemployed,11,Good,1
28,140737,777,259896,263165,24,1,Self-Employed,13,Good,1
56,60968,778,78343,455427,60,0,Business,11,Good,1
58,32508,599,345215,502201,48,2,Salaried,1,Poor,0
60,69575,381,398708,214340,60,1,Self-Employed,11,Average,0
40,81914,386,121399,840078,12,1,Salaried,13,Good,1
55,82055,524,31357,760731,12,0,Business,6,Average,1
45,102697,315,465054,822411,36,4,Salaried,12,Good,1
55,121239,657,294458,354960,60,2,Self-Employed,20,Good,1
45,138106,462,441913,139460,24,1,Salaried,3,Average,0
49,20355,813,70283,356256,48,2,Salaried,0,Good,1
38,69120,649,59567,101048,36,4,Salaried,16,Poor,0
38,53342,763,309150,780806,60,1,Salaried,2,Average,1
22,17257,674,453227,182850,24,0,Business,16,Good,1
55,42364,391,237778,882184,36,2,Salaried,7,Average,0
36,126715,480,141758,528193,12,0,Salaried,2,Good,1
56,41654,600,430665,907158,48,4,Self-Employed,9,Average,0
53,96423,488,61606,786200,60,4,Salaried,1,Good,1
24,44320,613,281035,994793,24,2,Salaried,3,Good,1
53,35808,792,445331,356932,12,4,Business,13,Average,1
34,67389,427,101732,316891,36,3,Salaried,10,Average,1
41,133581,818,191791,574333,48,2,Salaried,13,Good,1
40,142927,725,488680,582046,36,3,Salaried,12,Good,1
28,49773,486,466246,829685,36,4,Salaried,3,Good,1
27,91396,849,429939,961508,24,2,Self-Employed,1,Good,1
23,122692,752,292021,728797,12,3,Salaried,1,Good,1
37,72505,770,249465,724945,60,4,Business,10,Average,1
53,100896,523,224589,190926,24,1,Salaried,4,Good,1
32,33135,453,14026,233148,48,1,Salaried,8,Poor,1
42,105887,650,282566,893382,36,0,Salaried,19,Good,1
42,137118,446,402460,722709,48,1,Self-Employed,20,Poor,1
50,62377,648,295625,801588,24,3,Unemployed,16,Good,1
58,77491,481,351324,726708,24,1,Self-Employed,11,Average,0
58,73283,478,109384,215368,60,2,Unemployed,17,Good,1
28,31923,338,252771,544496,36,2,Salaried,2,Average,1
47,62591,302,58031,69455,24,2,Salaried,4,Good,1
47,77261,363,401737,784184,48,1,Salaried,20,Good,1
54,69336,328,394962,515139,60,1,Salaried,19,Good,1
41,89083,671,345271,281897,48,0,Salaried,13,Good,1
50,75948,822,354398,482509,36,4,Salaried,15,Average,1
53,41672,396,68232,542646,60,0,Salaried,18,Good,1
48,19213,741,143084,662840,60,3,Salaried,8,Average,0
53,77507,502,342368,882548,60,2,Salaried,16,Good,1
25,72134,710,416673,432605,12,1,Salaried,6,Good,1
39,148172,320,463788,614772,60,4,Business,9,Average,0
24,43172,850,236503,997719,48,4,Salaried,3,Average,1
55,35132,401,292104,393782,48,1,Business,9,Good,0
37,33199,345,495238,708764,36,0,Self-Employed,2,Average,0
48,51609,365,87695,218332,24,4,Salaried,8,Average,0
50,46881,463,130066,150647,24,0,Salaried,12,Poor,1
49,39472,410,138982,639930,12,1,Salaried,0,Good,0
26,69131,637,264837,786091,60,0,Self-Employed,14,Average,1
55,27828,422,115313,882441,12,2,Salaried,14,Good,1
57,111664,746,409074,178824,36,1,Salaried,10,Average,1
44,147473,590,28810,823202,36,1,Salaried,9,Good,1
49,30193,711,20092,866037,24,4,Business,6,Average,0
51,117518,580,481995,685167,36,4,Salaried,0,Average,0
55,34611,342,441916,695115,60,4,Self-Employed,6,Good,1
53,91240,785,58105,317724,48,2,Salaried,4,Good,1
41,17745,350,161577,951334,36,2,Business,15,Average,0
52,70243,509,204300,317544,12,3,Self-Employed,7,Good,1
43,18866,425,290699,745003,60,1,Salaried,1,Good,0
53,143681,791,71934,801545,36,4,Unemployed,7,Good,1
23,86354,808,72788,932464,36,1,Business,13,Average,1
38,66374,557,339401,177319,60,0,Salaried,3,Average,0
45,129397,487,280083,562193,36,2,Salaried,14,Average,0
51,139577,529,405041,529389,48,3,Business,6,Good,1
23,96029,488,484003,156960,24,0,Business,19,Good,1
60,108574,714,495707,89015,60,1,Self-Employed,7,Good,1
44,45431,309,155223,383857,12,2,Self-Employed,10,Poor,0
52,44336,413,128068,778165,36,4,Self-Employed,1,Good,1
42,55992,375,36,982478,24,0,Salaried,8,Good,1
43,70350,801,356092,195109,12,2,Self-Employed,5,Average,1
22,84561,384,345851,527508,12,1,Salaried,0,Poor,1
47,66955,348,39051,836351,48,1,Unemployed,2,Good,0
22,76240,794,491513,983671,24,0,Business,9,Good,1
46,61607,686,80738,138754,60,0,Self-Employed,4,Good,1
37,67870,688,335740,271775,24,0,Salaried,11,Average,1
60,79110,517,60071,355292,24,3,Salaried,0,Good,1
53,131895,645,130613,777513,12,4,Salaried,8,Average,0
29,19426,529,73601,726894,48,2,Self-Employed,20,Good,0
59,42606,554,29873,796355,48,1,Self-Employed,12,Average,1
49,43151,535,167720,959222,24,1,Salaried,18,Good,1
46,26308,325,71468,922510,24,4,Self-Employed,6,Good,0
55,105306,560,288614,106879,36,0,Business,15,Average,0
45,121984,570,196201,169894,12,0,Salaried,7,Average,1
44,17204,422,8328,640127,60,1,Salaried,18,Average,0
33,107769,556,137405,79756,60,4,Business,6,Average,1
27,102265,720,251519,718043,48,1,Self-Employed,3,Good,1
56,46131,558,121173,230557,12,0,Self-Employed,9,Good,1
40,67428,346,46638,279303,48,2,Self-Employed,0,Good,1
21,48870,824,273412,454241,60,0,Unemployed,16,Poor,1
28,118547,507,201675,724075,24,2,Salaried,20,Good,1
36,64067,610,113920,541599,12,3,Salaried,12,Good,1
34,127217,448,372523,545283,12,4,Salaried,18,Good,1
32,113934,737,410261,667231,36,3,Salaried,12,Poor,1
43,89707,454,171813,792476,24,0,Salaried,8,Average,0
35,76215,389,481522,198188,24,4,Salaried,4,Poor,0
48,64429,657,435986,611032,48,0,Unemployed,0,Good,1
54,97152,473,7887,174697,12,4,Unemployed,1,Average,0
22,123048,516,491934,530795,48,4,Salaried,10,Good,0
52,92240,755,228978,690360,24,0,Self-Employed,3,Good,1
43,128688,498,498370,445340,36,0,Self-Employed,8,Good,1
42,61473,785,24918,286028,12,4,Business,4,Good,1
45,111762,832,297641,743411,24,4,Self-Employed,4,Average,1
42,121956,499,355706,57176,36,0,Salaried,7,Poor,0
42,133452,670,192081,927742,60,0,Business,1,Good,1
26,141311,747,274073,826653,24,1,Business,6,Poor,1
35,22006,547,102201,508034,60,1,Self-Employed,16,Good,0
57,89218,563,454978,563611,48,1,Unemployed,10,Good,1
53,47430,357,493689,199748,60,3,Unemployed,14,Good,0
28,38091,601,210171,95177,24,4,Self-Employed,2,Good,1
25,38989,330,378710,533512,60,2,Self-Employed,12,Good,1
59,90451,797,290690,160623,12,3,Unemployed,17,Average,1
24,33990,548,209496,575285,24,4,Salaried,19,Average,0
26,105270,570,168410,502546,36,2,Salaried,19,Average,0
52,95360,693,427499,546184,60,1,Salaried,2,Good,1
50,51081,801,82494,694467,12,2,Business,1,Average,1
55,123272,383,471386,297439,48,0,Business,4,Average,1
60,31241,664,215859,694691,48,0,Salaried,19,Poor,1
36,139932,848,308710,978735,60,4,Unemployed,4,Good,1
33,20939,641,347608,145287,48,3,Business,12,Poor,0
50,128000,706,233853,169574,36,1,Business,7,Average,1
39,50063,724,128279,830751,24,4,Salaried,15,Average,1
37,62118,392,81991,171509,12,1,Self-Employed,17,Good,1
39,99703,711,354824,397591,60,0,Self-Employed,15,Good,1
48,143557,731,290157,945954,48,3,Self-Employed,0,Good,1
46,42076,458,52132,499181,24,3,Self-Employed,7,Good,1
57,59605,313,255069,393288,36,0,Business,20,Good,1
46,99565,672,480628,822793,48,2,Salaried,1,Poor,1
43,54121,524,485714,242589,48,3,Business,4,Good,1
29,46433,804,159156,929125,12,2,Salaried,14,Good,1
32,58309,372,369999,406459,36,1,Salaried,13,Good,1
21,82468,548,152215,538720,36,3,Salaried,2,Good,1
21,82293,810,91627,863819,60,0,Salaried,6,Good,1
54,111258,515,122772,54090,12,2,Salaried,3,Good,1
52,53405,840,407395,957278,60,1,Business,10,Good,1
45,58527,519,229415,468161,12,1,Self-Employed,11,Average,0
60,92227,520,451942,876671,36,3,Salaried,14,Good,1
21,146564,688,141294,53743,12,3,Self-Employed,5,Poor,1
36,108344,341,453181,80924,12,4,Salaried,0,Poor,0
59,62153,582,259013,191268,12,4,Salaried,17,Good,1
25,123042,357,326212,966592,24,3,Self-Employed,13,Average,0
42,69110,836,417165,928247,24,4,Self-Employed,6,Good,1
49,43328,372,16116,679600,36,0,Business,9,Good,1
23,127911,428,182124,381004,12,0,Salaried,8,Good,1
32,27867,725,51369,790537,36,4,Business,1,Good,0
46,74234,424,179889,798378,24,3,Self-Employed,7,Poor,0
36,40851,366,365244,279602,12,0,Unemployed,0,Good,0
57,46279,305,233982,392543,60,1,Salaried,19,Good,1
42,88402,613,214275,885227,24,3,Self-Employed,1,Good,1
49,30449,625,205383,887985,24,2,Self-Employed,6,Good,1
34,91221,805,291799,558928,24,2,Unemployed,15,Poor,1
48,104080,381,188874,153976,12,3,Salaried,3,Good,1
25,20451,301,47632,205183,48,4,Self-Employed,20,Good,1
50,102178,503,407409,687854,60,0,Salaried,16,Good,1
25,78761,703,211284,307443,60,0,Self-Employed,3,Good,1
32,53870,402,161848,694256,36,3,Salaried,2,Good,1
36,111566,835,436441,111600,12,1,Salaried,8,Good,1
46,138749,667,191082,624310,24,4,Self-Employed,14,Good,1
46,138765,511,213807,708559,48,1,Salaried,19,Average,0
41,139881,508,196523,887329,12,3,Salaried,2,Good,1
59,143389,416,179884,874470,12,3,Salaried,11,Average,0
56,40372,777,473818,173323,48,1,Salaried,14,Poor,1
53,18642,404,281039,236110,24,2,Unemployed,19,Poor,0
50,49064,794,458998,694566,12,3,Self-Employed,7,Good,1
57,29122,345,414425,947486,60,4,Business,11,Poor,0
43,83431,630,235892,320041,60,1,Salaried,20,Average,0
30,70745,515,213408,638829,48,2,Unemployed,12,Average,0
25,65081,791,242718,156968,24,1,Salaried,14,Good,1
56,91253,748,192879,589180,48,2,Self-Employed,10,Good,1
54,51191,835,23086,975775,12,2,Salaried,16,Poor,1
51,25211,810,85637,74815,60,4,Business,20,Good,1
30,126086,757,475243,882044,36,3,Self-Employed,11,Good,1
39,116971,846,158279,476573,48,2,Salaried,19,Good,1
52,108783,835,369478,518304,36,3,Salaried,17,Poor,1
21,140681,839,151969,852699,36,4,Self-Employed,15,Good,1
25,102893,783,63083,854700,60,3,Salaried,2,Poor,1
24,92960,315,95028,688751,48,0,Salaried,8,Good,1
36,99388,542,329101,981767,36,2,Salaried,6,Good,0
44,37601,506,97551,514151,12,4,Self-Employed,18,Good,1
36,34710,570,340650,931779,24,1,Business,4,Average,0
22,123714,414,138355,240732,24,4,Salaried,18,Good,1
48,143727,598,94024,246599,60,2,Salaried,9,Good,1
52,78227,782,343625,244451,48,4,Business,19,Good,1
47,99289,696,262399,406686,48,1,Self-Employed,11,Good,1
40,20722,693,207627,746631,24,0,Salaried,7,Average,0
44,96050,374,15487,378756,12,2,Business,2,Good,1
32,98596,781,19346,188307,24,2,Salaried,18,Good,1
55,81732,402,297194,138757,24,4,Salaried,10,Good,1
53,83323,596,270888,459633,48,3,Unemployed,7,Good,0
53,38816,477,417972,934507,36,3,Unemployed,12,Poor,0
57,55695,514,61596,346753,12,1,Salaried,9,Good,1
32,70841,614,214469,939217,48,0,Salaried,17,Good,1
23,143498,338,418362,304200,24,0,Salaried,11,Good,0
21,122096,558,381784,597933,36,4,Salaried,6,Average,0
53,107764,306,317176,506089,12,4,Salaried,10,Good,1
60,100744,348,304831,769918,60,3,Salaried,9,Good,1
30,43482,837,177175,374377,12,0,Unemployed,2,Average,1
49,24171,460,153048,423587,12,0,Business,6,Average,0
33,115755,475,325007,204473,24,0,Self-Employed,3,Good,1
32,123125,301,393807,844203,24,1,Self-Employed,7,Good,1
51,145722,754,6277,517667,60,1,Salaried,7,Good,1
22,121082,575,324004,522650,60,4,Salaried,5,Average,1
55,18696,797,133332,510665,60,3,Salaried,12,Poor,1
43,141310,327,240515,414745,48,2,Business,11,Good,1
37,34149,632,260577,535820,48,3,Salaried,2,Average,1
46,145064,300,196955,445158,24,1,Business,5,Good,1
28,68521,487,286885,725748,24,1,Self-Employed,18,Poor,0
49,60740,355,381864,961656,60,4,Salaried,10,Average,0
46,121611,846,299355,657539,48,2,Salaried,3,Average,1
30,81641,411,240464,631330,36,0,Self-Employed,14,Good,1
46,78811,609,258445,890172,48,2,Unemployed,1,Good,1
54,78232,335,434758,246945,24,2,Business,14,Average,0
27,30417,738,269013,621312,48,2,Salaried,16,Good,1
24,127492,624,486834,728810,24,4,Self-Employed,1,Good,0
31,45099,606,349760,631253,60,1,Salaried,6,Good,1
49,133474,833,457948,322201,60,0,Unemployed,15,Good,1
56,24256,408,94515,798609,60,2,Business,4,Average,0
45,49681,671,150494,845415,36,0,Self-Employed,15,Good,1
41,106328,656,166685,442613,36,2,Salaried,18,Good,1
56,58361,480,188088,594283,24,1,Self-Employed,1,Good,0
30,49540,655,60110,164587,12,0,Salaried,14,Average,1
57,99700,367,219601,283076,36,3,Salaried,3,Poor,0
29,93532,591,208994,796988,24,1,Salaried,1,Good,0
44,142626,480,296177,520897,48,0,Unemployed,9,Good,1
55,148943,765,307357,88886,60,2,Self-Employed,4,Good,1
55,61002,733,260705,401169,60,2,Salaried,17,Good,1
56,64812,763,455209,539788,60,1,Business,3,Average,1
38,123946,833,12938,145149,24,1,Salaried,0,Good,1
59,81668,365,130842,668308,60,2,Salaried,17,Good,1
52,114003,320,469911,576961,36,0,Salaried,19,Good,1
44,57998,683,264418,913945,48,3,Self-Employed,5,Poor,1
43,119601,338,346534,73466,60,4,Self-Employed,19,Poor,1
52,22812,584,425031,287626,24,1,Salaried,19,Average,0
57,76844,635,469234,928977,48,2,Business,13,Good,1
32,148251,487,150033,559966,60,0,Salaried,9,Good,1
33,89601,542,20044,624694,12,1,Business,17,Average,1
43,62857,372,99372,446904,60,0,Salaried,8,Good,1
45,140555,778,415191,643572,36,1,Business,11,Average,1
55,35700,400,276850,810006,48,2,Self-Employed,9,Good,0
50,108330,813,137046,951011,36,0,Self-Employed,20,Good,1
37,78353,475,338608,587953,12,2,Salaried,18,Good,1
40,115772,537,21213,594929,12,0,Self-Employed,5,Poor,1
45,106502,358,1950,475716,36,1,Salaried,13,Good,1
42,128943,398,254043,610085,48,4,Business,7,Average,0
33,124850,794,216085,790126,12,4,Salaried,13,Average,1
39,60095,813,272555,358094,12,3,Salaried,10,Poor,1
56,30523,596,390747,992550,60,3,Self-Employed,15,Good,0
32,77433,510,480447,965986,24,2,Business,19,Good,1
39,34991,422,439372,676627,12,0,Salaried,5,Poor,0
32,25775,528,324888,687719,48,3,Unemployed,14,Good,0
29,99995,687,148843,282275,48,1,Unemployed,14,Good,1
27,137808,439,463026,452854,60,4,Self-Employed,13,Good,1
48,22415,840,297197,857605,48,0,Salaried,20,Good,0
34,52044,690,248966,718582,60,4,Business,11,Good,1
51,64976,569,445292,231136,12,0,Salaried,1,Average,0
39,18832,311,138117,218082,12,3,Salaried,7,Average,0
36,49148,688,319767,303301,12,3,Unemployed,18,Good,1
25,127230,636,29714,592383,12,2,Unemployed,13,Average,1
55,100076,805,165458,173554,24,0,Unemployed,4,Good,1
32,53402,405,371427,444655,24,1,Salaried,8,Good,0
45,53578,331,270706,962046,12,3,Salaried,12,Poor,1
41,105453,373,317192,809277,48,2,Salaried,8,Good,1
56,90715,470,355439,528766,60,3,Salaried,13,Average,0
43,126435,368,12026,972879,36,4,Salaried,4,Good,1
36,110742,661,106147,663311,60,3,Salaried,1,Average,1
59,60475,732,31589,681469,36,0,Self-Employed,6,Good,1
59,75142,399,108199,272310,36,2,Business,15,Good,1
34,108526,308,359418,857032,12,0,Business,10,Good,1
51,66001,328,288988,838898,36,1,Business,10,Good,1
25,72649,413,416663,830637,12,1,Salaried,11,Good,1
55,40711,761,352559,549344,24,3,Salaried,12,Average,1
43,45106,442,208574,750457,48,2,Business,7,Good,1
49,80458,689,214340,946366,36,2,Self-Employed,15,Average,1
31,145429,456,54708,627564,48,2,Self-Employed,20,Good,1
38,116754,634,457141,493333,12,2,Salaried,0,Good,0
32,141479,559,70825,490187,36,3,Salaried,12,Poor,1
29,43884,381,51574,319072,60,0,Self-Employed,10,Poor,1
30,17708,740,347692,891741,24,3,Business,3,Good,0
37,33375,471,412028,255719,24,0,Unemployed,3,Poor,0
58,30088,530,232409,746248,36,4,Self-Employed,14,Good,1
27,72615,374,186381,800385,24,4,Self-Employed,2,Good,1
33,125138,569,64230,749192,60,0,Business,18,Good,1
60,25014,361,434844,166196,48,3,Self-Employed,20,Poor,0
29,149345,619,254451,59404,60,1,Self-Employed,1,Poor,0
47,117842,401,302725,476855,24,3,Unemployed,5,Good,1
22,93077,728,247174,783478,48,1,Business,7,Average,1
25,67874,554,439844,503814,60,3,Unemployed,16,Average,1
49,84087,831,219700,687475,12,2,Salaried,4,Good,1
57,27297,411,287249,946881,12,2,Self-Employed,1,Average,0
58,42128,612,341974,601972,48,4,Business,11,Good,1
39,83368,760,331301,642879,48,4,Salaried,4,Good,1
28,93958,761,425658,431965,48,0,Business,9,Average,1
21,47920,391,349379,783082,12,1,Salaried,8,Good,1
42,148872,351,246514,314826,60,2,Business,19,Good,1
37,148682,819,264491,161186,48,3,Self-Employed,7,Good,1
27,92603,397,226094,817469,12,0,Salaried,0,Average,0
45,48872,535,309794,596120,48,3,Salaried,5,Good,0
24,25728,673,148182,591285,48,2,Self-Employed,10,Good,1
56,110102,533,193242,346784,48,2,Self-Employed,2,Average,1
26,137049,331,398139,520098,12,2,Salaried,14,Good,0
51,35583,588,182873,90491,60,2,Business,10,Poor,1
39,100774,841,455987,113043,12,3,Self-Employed,4,Good,1
59,141374,413,124926,948607,12,0,Self-Employed,15,Good,1
47,106118,503,81147,178568,48,2,Salaried,20,Good,1
30,80942,328,310279,426394,36,4,Unemployed,6,Good,1
46,28689,773,19199,647013,36,0,Salaried,5,Poor,0
39,48276,552,402282,178131,36,4,Self-Employed,8,Good,0
59,116968,685,363727,95520,12,3,Business,6,Average,1
23,28050,361,183208,375063,48,2,Salaried,2,Good,1
33,81216,814,354434,684157,36,0,Self-Employed,10,Average,1
48,99040,729,429791,638730,24,2,Salaried,11,Poor,1
40,36644,836,220868,835313,24,2,Business,20,Good,1
48,77021,440,120787,202842,24,0,Self-Employed,10,Good,1
28,57291,599,439949,417390,60,2,Business,1,Poor,0
59,147610,610,114427,752858,48,2,Business,0,Average,0
21,56520,770,148063,421831,12,1,Self-Employed,1,Good,1
23,40675,692,153625,572485,12,1,Business,13,Good,1
33,15174,744,220782,697735,48,0,Self-Employed,12,Good,1
48,107268,471,87493,635765,60,0,Salaried,4,Poor,0
45,49998,330,393850,574532,48,2,Self-Employed,1,Average,0
53,120410,346,488633,915885,60,4,Unemployed,18,Poor,0
58,90225,429,274915,500953,36,0,Salaried,16,Good,1
26,59814,651,125607,227561,36,2,Salaried,10,Good,1
52,100091,357,246834,964394,60,4,Salaried,15,Good,1
41,65719,405,411514,907735,48,1,Salaried,19,Good,0
36,144887,629,79876,340534,36,0,Salaried,17,Good,1
41,48919,682,492108,584535,48,2,Salaried,19,Good,1
31,88155,461,167071,250123,36,1,Salaried,7,Average,1
57,86569,585,202959,765079,48,3,Self-Employed,1,Good,1
56,56328,370,321792,477894,48,1,Salaried,16,Good,1
55,39618,753,455884,531018,24,2,Self-Employed,10,Poor,1
39,49675,696,462590,257358,60,4,Business,13,Poor,1
40,33919,814,460725,866015,12,3,Unemployed,15,Good,1
38,19173,325,243722,566456,60,3,Self-Employed,14,Poor,0
34,124369,612,496564,189148,48,3,Salaried,14,Good,0
35,41400,425,337927,985510,48,0,Unemployed,2,Good,0
51,85305,707,44440,196123,60,2,Business,6,Poor,1
21,103791,497,31655,447530,48,3,Salaried,11,Average,1
23,85533,487,43039,602958,36,1,Salaried,2,Poor,1
36,118591,783,317399,543973,48,4,Salaried,18,Average,1
43,146060,749,72219,961352,60,2,Salaried,9,Good,1
31,54194,822,186061,60236,60,1,Salaried,7,Good,1
32,124903,653,273388,85568,60,0,Unemployed,15,Good,1
30,146461,399,94594,681615,24,3,Self-Employed,15,Good,1
52,114303,577,320739,305745,24,1,Self-Employed,11,Good,1
36,128903,790,170623,422332,24,2,Business,4,Good,1
28,82391,554,194302,535119,24,1,Business,19,Poor,0
58,73002,680,366042,328496,24,0,Business,5,Poor,1
32,50531,841,290515,700009,24,4,Unemployed,5,Average,1
44,19986,563,462574,309291,24,3,Salaried,7,Good,0
48,47298,628,159950,488866,60,2,Unemployed,16,Average,0
28,16481,414,167229,453562,12,3,Business,11,Average,0
48,71408,575,5914,730516,24,3,Salaried,13,Poor,1
56,136950,787,214772,105904,60,3,Self-Employed,1,Good,1
46,140355,580,289324,981539,12,1,Self-Employed,18,Good,0
28,42798,574,396904,958573,24,1,Unemployed,5,Poor,0
48,106649,627,342363,328252,12,4,Salaried,17,Poor,0
48,79887,510,340760,572247,12,0,Self-Employed,3,Good,1
57,34477,325,227561,839285,36,2,Salaried,4,Good,1
56,142815,326,403132,396300,48,1,Salaried,5,Average,1
47,142426,382,187435,316320,36,3,Salaried,14,Good,1
37,39335,712,95213,674747,12,0,Self-Employed,5,Average,1
29,101610,466,420576,469136,60,2,Business,7,Good,1
53,26442,468,37805,235922,24,2,Salaried,8,Good,1
40,61289,528,406669,187901,48,2,Self-Employed,20,Good,1
33,68747,666,126599,173225,24,2,Salaried,5,Good,1
48,52327,827,153775,543406,60,4,Salaried,1,Good,1
49,87827,837,190093,810135,48,2,Self-Employed,15,Good,1
33,121464,823,74176,271738,36,0,Salaried,19,Good,1
55,146184,371,94799,954890,12,1,Self-Employed,0,Good,1
26,102051,405,98385,685181,60,0,Salaried,15,Good,1
38,74722,581,235654,910359,12,3,Salaried,0,Good,1
25,107036,432,474830,528076,12,4,Self-Employed,0,Poor,0
45,81960,833,88919,954610,24,4,Self-Employed,6,Good,1
22,34552,568,474288,292726,60,3,Salaried,15,Good,1
30,15887,711,400626,352811,12,0,Self-Employed,16,Good,1
50,46802,317,81462,771202,36,0,Business,15,Poor,1
25,100024,416,179340,479059,48,3,Business,15,Good,1
53,133639,443,165320,756168,60,2,Salaried,5,Good,1
21,133248,850,31159,473759,24,2,Self-Employed,17,Good,1
38,96938,721,42039,515996,60,1,Self-Employed,2,Average,1
52,137746,668,232974,56611,24,0,Salaried,7,Average,1
31,41049,349,47800,400386,48,0,Business,3,Good,1
41,92789,405,302905,921044,36,3,Unemployed,3,Good,1
46,99526,515,94626,883334,12,3,Business,16,Good,1
45,61220,724,479319,821812,60,2,Business,4,Good,1
42,61163,371,118368,345187,24,0,Business,13,Average,1
47,149837,745,174735,186343,48,0,Self-Employed,14,Good,1
33,132126,485,80903,909299,12,4,Self-Employed,11,Good,1
53,96486,369,433628,389233,48,1,Business,12,Good,0
54,90277,449,118998,895177,36,1,Self-Employed,17,Average,1
55,119245,545,241324,540092,12,2,Salaried,13,Average,1
21,137332,837,428583,240191,12,0,Salaried,18,Poor,1
41,37931,398,399029,716933,12,4,Business,6,Good,1
26,104116,577,322038,726769,24,0,Salaried,5,Good,1
48,70633,754,233229,922402,12,3,Self-Employed,4,Good,1
37,66913,403,313588,336608,48,2,Unemployed,3,Good,1
25,109776,532,427485,299220,24,1,Business,17,Good,1
51,40991,693,61748,486056,12,0,Unemployed,13,Good,1
25,119092,800,41190,692811,48,2,Self-Employed,15,Good,1
58,110556,550,40318,594950,48,1,Salaried,19,Poor,1
23,77875,820,168090,854660,60,0,Business,13,Average,1
43,77120,378,124078,635009,48,4,Salaried,4,Good,1
57,148060,351,39759,712746,36,2,Salaried,10,Good,1
57,125041,525,278642,843294,12,0,Salaried,11,Good,1
30,143467,350,25989,614396,12,1,Salaried,17,Good,1
30,133490,485,495926,141788,12,1,Salaried,3,Good,1
39,141155,333,156640,518239,48,4,Salaried,12,Good,1
37,43230,430,379179,294437,48,2,Self-Employed,19,Poor,0
41,74778,742,328721,811299,12,2,Business,12,Good,1
34,60833,731,367375,916572,24,0,Salaried,3,Good,1
29,37625,796,161171,732561,24,1,Salaried,6,Average,1
21,47088,702,352044,905010,36,1,Self-Employed,1,Good,1
33,118937,622,433855,99966,60,4,Self-Employed,20,Good,1
24,91361,509,366823,235846,36,4,Unemployed,17,Good,1
21,103229,628,285626,322530,12,2,Salaried,20,Average,1
60,105265,671,331356,651516,12,1,Business,5,Good,1
52,112718,759,448477,196297,12,0,Self-Employed,15,Good,1
54,75710,432,480533,459909,60,3,Self-Employed,2,Poor,0
48,109876,420,292192,384341,48,0,Salaried,14,Good,1
51,45949,751,396281,93021,60,4,Salaried,20,Average,1
28,83136,428,395252,431059,36,0,Salaried,19,Poor,0
59,126541,390,35814,199333,48,1,Salaried,9,Good,1
46,76842,328,190766,470594,48,2,Self-Employed,8,Average,1
54,41990,823,410140,953606,36,3,Business,10,Average,1
23,45109,632,391637,826934,48,2,Business,13,Poor,1
32,145356,596,60204,136755,24,3,Self-Employed,11,Good,1
21,143133,429,32844,979441,36,3,Self-Employed,6,Poor,1
25,16306,592,248827,116330,36,1,Salaried,10,Good,1
50,18849,472,245256,752726,24,1,Unemployed,16,Average,0
50,27360,323,344087,908754,60,4,Self-Employed,8,Good,0
37,126072,398,21518,938750,60,4,Salaried,12,Good,1
43,109767,705,410275,619601,60,3,Salaried,15,Good,1
35,69330,655,23052,284729,48,4,Self-Employed,2,Good,1
57,66707,438,256346,807071,24,1,Self-Employed,4,Good,1
41,33689,802,69803,339176,36,4,Salaried,16,Good,1
34,44084,473,71524,535179,36,3,Business,0,Good,1
22,55387,328,224582,198430,36,2,Business,20,Good,1
31,89816,795,351716,898142,48,0,Self-Employed,8,Good,1
59,17642,650,401896,407470,48,4,Salaried,16,Good,0
58,57137,598,67021,398301,60,1,Salaried,12,Poor,1
54,77260,491,211321,492037,48,2,Unemployed,14,Average,0
58,63442,363,282187,78365,60,1,Business,20,Good,1
54,118061,514,2419,325333,60,4,Salaried,7,Good,1
38,149066,465,187964,519965,36,3,Salaried,7,Average,1
50,140844,842,121831,581536,48,0,Salaried,1,Good,1
35,114575,531,244688,54369,60,0,Salaried,9,Good,1
47,16813,840,101799,506979,24,2,Self-Employed,4,Good,1
54,108027,494,410356,975554,24,0,Unemployed,15,Poor,0
58,138489,805,436700,865037,48,3,Salaried,18,Good,1
53,99381,633,194941,886048,36,1,Salaried,0,Average,1
44,70276,603,176282,497695,36,3,Business,12,Good,1
35,56243,736,319744,415863,60,2,Salaried,3,Average,1
50,75272,622,378611,221955,48,2,Unemployed,6,Good,1
37,80618,801,340641,607343,24,0,Self-Employed,0,Good,1
25,16920,692,108611,774091,60,3,Unemployed,1,Good,0
49,121121,448,137559,428824,60,1,Salaried,15,Poor,0
24,91872,704,322836,319594,12,3,Salaried,13,Good,1
30,96132,582,62112,183997,48,1,Salaried,4,Good,1
37,17093,661,424326,523267,60,1,Salaried,13,Average,0
30,27905,678,239040,100272,24,3,Salaried,16,Good,1
37,136759,497,278504,55310,12,4,Unemployed,11,Good,1
40,45981,655,442626,81817,24,3,Business,19,Good,1
44,88903,839,233451,558350,36,1,Self-Employed,11,Good,1
25,85821,728,221490,536160,12,2,Salaried,2,Good,1
54,124200,316,345182,487744,12,2,Business,20,Average,0
26,97289,678,466383,790176,60,0,Business,20,Good,1
22,131506,805,265161,132641,36,2,Salaried,1,Poor,1
33,93513,375,348405,789443,60,4,Unemployed,20,Good,1
31,65516,530,191196,781670,48,1,Salaried,20,Good,1
43,84212,547,247418,589745,24,3,Salaried,14,Good,1
36,148498,601,221370,92311,24,3,Salaried,10,Average,0
51,145970,514,444165,971484,60,4,Business,9,Good,1
31,105009,457,189340,201958,24,2,Self-Employed,17,Average,0
36,59816,368,66320,520328,24,1,Salaried,20,Average,1
28,19138,692,486772,494093,48,2,Salaried,1,Good,0
24,106176,384,235067,697861,36,0,Salaried,6,Good,1
60,90945,566,212373,409571,12,2,Salaried,6,Good,1
24,19017,368,293271,872613,60,0,Salaried,6,Average,0
45,25451,646,396412,214334,60,3,Salaried,13,Good,0
23,108863,722,337232,968451,48,1,Salaried,1,Average,1
52,25278,473,434516,443238,48,0,Business,1,Good,0
23,58764,414,180786,837560,12,2,Self-Employed,14,Average,0
47,138030,519,294065,653810,36,2,Business,10,Good,1
49,147206,330,266890,213394,60,3,Salaried,9,Good,1
52,77943,822,330679,98929,48,4,Salaried,2,Poor,1
39,110667,642,65350,655984,60,4,Salaried,16,Average,0
41,69318,676,181417,427389,24,2,Salaried,8,Good,1
25,118423,429,240678,846240,60,4,Salaried,14,Average,1
38,118998,838,442436,669436,36,1,Business,13,Average,1
48,75128,301,343275,496098,36,4,Unemployed,18,Good,1
42,36869,400,22063,858157,60,1,Salaried,16,Good,1
41,20039,832,117116,384678,24,2,Salaried,19,Good,1
26,127935,357,464952,352094,36,2,Unemployed,16,Poor,0
21,25442,688,496916,794314,48,2,Salaried,15,Good,1
25,88788,640,351057,133576,60,3,Self-Employed,19,Good,1
32,134729,319,341090,70557,24,4,Unemployed,7,Good,0
46,42586,554,177043,596113,48,0,Unemployed,6,Good,1
54,68053,616,134670,321142,60,0,Salaried,11,Good,1
34,101346,337,10564,86080,24,2,Salaried,0,Good,1
46,82087,836,242124,833103,48,4,Salaried,11,Good,1
47,49397,685,227506,238869,36,1,Business,5,Poor,1
29,73671,325,311869,721162,60,0,Unemployed,15,Poor,0
46,131214,753,86134,978671,60,2,Self-Employed,17,Good,1
42,81897,622,105940,543844,36,0,Business,18,Good,1
50,29924,812,453156,616695,12,0,Business,2,Average,0
37,128143,312,62085,170283,48,0,Self-Employed,2,Good,1
46,125253,670,17862,63338,36,2,Business,4,Average,1
56,115297,590,272409,650577,60,2,Self-Employed,2,Poor,1
21,15869,631,140777,514736,48,3,Self-Employed,18,Average,0
28,112088,560,186351,724255,48,3,Salaried,4,Good,1
55,16014,504,62471,228982,12,3,Business,13,Poor,0
35,25103,686,91080,967461,60,0,Salaried,20,Poor,1
42,125317,767,473050,159367,24,4,Salaried,15,Average,1
34,97409,714,456195,378042,12,2,Business,0,Good,1
46,38248,368,317972,970958,12,3,Self-Employed,16,Average,0
48,23024,771,491422,691774,24,4,Unemployed,10,Good,0
43,100947,403,379028,398684,24,3,Salaried,8,Good,1
34,106829,460,108007,544775,12,3,Self-Employed,20,Good,1
44,107708,499,46104,788497,48,4,Salaried,3,Poor,1
22,101664,515,40934,493853,36,3,Unemployed,1,Average,0
46,100178,511,254606,830343,36,0,Salaried,8,Average,0
34,116121,807,376564,710709,12,0,Self-Employed,4,Good,1
27,35025,315,6050,961848,48,0,Business,3,Good,0
23,78610,797,175024,876395,24,1,Salaried,4,Poor,1
43,85843,631,479786,450966,12,3,Unemployed,17,Good,1
38,122237,850,270628,407073,60,1,Business,12,Average,1
58,145299,555,324792,727823,48,2,Salaried,4,Good,1
55,20668,471,322089,649223,60,4,Salaried,18,Average,0
35,88233,797,184750,764152,60,2,Salaried,2,Poor,1
45,96982,770,31323,850118,12,1,Salaried,17,Good,1
57,121133,683,86332,549555,48,0,Business,5,Good,1
48,25751,806,356749,113528,60,3,Unemployed,5,Good,1
30,61218,826,480579,674099,48,3,Salaried,4,Poor,1
59,141649,624,255540,558907,36,0,Salaried,0,Average,0
37,22352,513,254547,334931,60,3,Self-Employed,7,Average,0
59,103835,507,428577,982280,60,4,Salaried,0,Good,0
42,112493,468,272459,427757,48,4,Salaried,20,Average,0
46,43927,629,310112,762787,36,4,Salaried,5,Average,0
45,116948,579,157591,834429,60,2,Self-Employed,19,Good,1
37,44493,604,271251,154887,12,0,Self-Employed,13,Poor,0
33,46707,445,55781,111086,48,4,Business,10,Good,1
40,50842,815,266013,938663,48,1,Salaried,1,Good,1
45,28261,389,343127,305494,60,4,Business,20,Good,1
24,91709,752,420586,558889,36,2,Self-Employed,3,Good,1
30,110985,359,455911,637596,60,1,Business,12,Average,1
23,121616,610,453638,327941,24,0,Salaried,6,Good,0
38,82173,827,7971,317446,60,0,Business,5,Average,1
56,46781,526,358949,506388,24,4,Business,2,Good,1
42,28652,773,254927,612347,12,1,Salaried,8,Good,1
54,20103,840,287795,181980,48,1,Salaried,13,Average,1
28,40500,378,319118,765612,48,4,Unemployed,19,Average,0
60,115336,732,494509,523875,36,4,Business,10,Good,1
39,128499,452,23446,193949,60,3,Unemployed,4,Poor,1
57,64393,700,257419,326383,12,3,Business,13,Average,1
26,62406,578,169180,77313,24,4,Self-Employed,18,Good,1
46,78059,356,468395,92103,36,2,Salaried,7,Good,1
54,97722,485,3823,229480,12,3,Salaried,6,Good,1
26,27356,697,144526,526467,12,4,Unemployed,6,Average,1
57,143128,457,135004,138771,24,1,Salaried,2,Good,1
53,17187,658,403436,176228,24,3,Salaried,2,Good,1
42,92243,739,205162,141665,48,2,Business,17,Good,1
41,50098,765,67965,846966,60,0,Business,12,Good,1
26,149678,745,421424,879492,36,1,Salaried,0,Average,1
26,72620,787,466196,853621,60,2,Salaried,4,Average,1
24,141270,829,272654,964863,36,2,Salaried,3,Good,1
50,29387,372,437261,660355,12,2,Salaried,15,Good,0
31,84463,316,141609,847399,24,1,Business,14,Good,1
50,148663,830,465899,787351,24,2,Salaried,17,Average,1
51,106683,625,105935,901995,12,0,Business,16,Average,1
44,77061,845,331278,320804,12,3,Business,13,Good,1
29,96257,501,233705,430815,36,1,Self-Employed,13,Good,1
23,76753,643,334398,534091,12,2,Salaried,18,Good,1
51,99774,822,253978,179909,36,4,Self-Employed,5,Poor,1
60,38408,699,144854,483039,60,3,Salaried,12,Good,1
57,139116,517,376924,499058,24,1,Salaried,17,Good,0
56,146208,744,387688,190688,24,4,Business,14,Good,1
44,32413,521,327731,125976,24,4,Salaried,6,Good,1
51,128650,682,344382,807496,60,2,Business,18,Average,1
26,74500,306,337864,229810,60,1,Salaried,16,Good,0
22,99514,571,78004,325251,48,2,Salaried,8,Good,1
40,71358,315,22072,766764,36,0,Unemployed,10,Average,0
48,81197,723,81015,668470,36,4,Self-Employed,4,Good,1
31,91240,823,225075,817441,48,0,Self-Employed,1,Good,1
24,31322,320,220010,928219,24,2,Self-Employed,14,Good,0
35,128053,527,72746,852386,36,3,Salaried,11,Average,1
26,21968,587,176774,329087,36,4,Business,9,Good,0
50,42518,433,364404,90725,24,3,Salaried,9,Poor,0
58,66925,582,399273,881866,12,1,Self-Employed,19,Good,1
22,126900,703,128259,922183,12,4,Self-Employed,10,Good,1
35,108422,365,30916,584398,48,0,Unemployed,9,Average,1
31,16700,736,27268,548864,60,3,Self-Employed,6,Poor,0
28,108782,558,175050,328606,36,1,Salaried,13,Good,1
46,38199,402,243966,391376,36,4,Self-Employed,12,Poor,0
25,20520,400,23259,759441,48,1,Salaried,4,Good,1
26,124814,497,446799,496015,48,0,Salaried,18,Average,0
46,138364,525,79400,640855,36,4,Salaried,9,Good,1
24,29955,762,296437,532517,24,1,Self-Employed,7,Good,1
39,79925,536,111581,756584,24,2,Salaried,17,Good,1
40,122216,325,7043,439569,60,4,Salaried,0,Good,0
53,85269,420,181502,892495,36,4,Unemployed,4,Good,1
40,56458,805,107009,163394,36,4,Business,10,Good,1
32,104037,481,301037,891672,36,4,Salaried,19,Poor,0
21,114977,842,433858,917784,36,2,Salaried,10,Good,1
46,58939,614,209137,198940,48,0,Self-Employed,15,Good,1
34,44345,572,161940,393133,12,2,Business,9,Average,1
58,125107,531,288453,72222,36,2,Salaried,14,Good,1
57,136866,719,285428,129794,12,1,Business,6,Good,1
31,84166,741,388945,638212,24,3,Self-Employed,14,Good,1
56,112406,795,113259,674142,60,3,Self-Employed,15,Good,1
33,64298,323,100804,914945,24,1,Unemployed,5,Poor,1
23,59942,408,69000,834326,36,2,Business,10,Good,1
53,18453,801,84179,891081,24,1,Business,16,Good,1
26,117811,324,455323,415130,48,4,Salaried,14,Good,1
30,69935,486,327193,818103,12,1,Self-Employed,15,Good,1
25,137439,587,291409,920181,36,1,Self-Employed,1,Good,1
43,23328,637,474706,283127,48,4,Salaried,3,Average,0
30,30534,336,260226,554434,12,3,Self-Employed,18,Average,0
22,100280,436,23880,191295,48,4,Salaried,5,Average,1
33,51320,807,346723,229238,24,0,Salaried,17,Good,1
60,64170,526,393471,89369,36,1,Salaried,20,Good,1
22,115546,619,394718,922811,24,1,Business,10,Poor,0
40,95201,481,201264,905824,60,3,Unemployed,8,Good,1
21,23640,385,327568,849093,36,2,Salaried,2,Poor,0
57,147992,766,469054,720951,24,4,Self-Employed,1,Average,1
29,58937,352,333110,383862,36,2,Salaried,17,Poor,1
37,85463,534,172438,760595,12,0,Unemployed,14,Good,1
29,108500,732,420641,320114,36,4,Self-Employed,17,Good,1
31,52158,795,445544,97922,36,0,Business,18,Average,1
35,99607,399,245352,543614,12,0,Business,14,Average,1
44,134639,702,67396,867187,24,0,Salaried,16,Good,1
58,86696,695,333838,695214,36,4,Self-Employed,17,Average,1
55,76510,826,399022,69416,48,4,Unemployed,17,Good,1
50,135076,714,479490,63672,36,3,Salaried,10,Good,1
51,73692,762,279250,526684,24,1,Self-Employed,17,Poor,1
25,145841,840,56731,178145,12,2,Unemployed,2,Good,1
34,30810,663,75010,752356,24,2,Salaried,12,Good,1
31,126718,429,475749,910527,60,0,Business,13,Good,1
29,105932,383,249091,50064,36,4,Unemployed,3,Good,1
54,15192,570,294743,118835,36,4,Business,17,Good,1
32,51413,543,71326,251457,12,0,Salaried,4,Good,1
55,54082,687,248876,973143,36,1,Salaried,13,Good,1
55,80048,513,337850,297795,48,2,Salaried,11,Average,1
21,138130,465,9004,454271,48,3,Business,6,Poor,0
60,65940,358,115018,399738,24,1,Business,11,Good,1
42,55142,803,444580,996931,12,4,Self-Employed,7,Good,1
49,51468,422,25792,691204,60,0,Salaried,20,Good,1
28,144048,712,488968,956740,24,2,Salaried,20,Average,1
31,57056,438,458128,918948,12,0,Business,2,Average,0
57,66831,528,54645,901098,12,4,Business,0,Poor,1
34,74191,573,7232,245346,24,0,Unemployed,2,Good,1
50,136948,738,471426,954726,24,2,Business,10,Average,1
55,123117,417,54766,323010,36,0,Business,17,Good,1
41,29671,782,120601,53889,60,2,Business,6,Poor,1
57,42048,694,81588,168194,48,0,Self-Employed,8,Good,1
25,40963,759,179614,174714,36,0,Salaried,3,Good,1
39,58954,377,5913,605623,12,2,Unemployed,9,Average,1
34,110430,711,112406,100547,60,0,Self-Employed,17,Average,1
46,15717,374,113693,207234,60,1,Salaried,15,Good,0
24,26676,594,93449,794809,24,3,Salaried,11,Good,0
45,133696,320,10567,730047,60,1,Salaried,18,Good,1
45,145830,470,38379,935188,60,3,Self-Employed,2,Good,1
38,19994,314,206040,323139,12,1,Salaried,7,Good,0
60,19234,510,262463,499704,36,3,Salaried,18,Poor,0
28,84300,385,90005,52631,60,0,Self-Employed,8,Good,1
59,58949,448,373134,187039,24,2,Salaried,18,Average,1
60,52405,671,223098,924726,36,2,Business,16,Average,1
34,49872,779,479336,399422,24,4,Salaried,12,Average,1
52,57215,450,4791,638759,60,3,Self-Employed,1,Poor,0
58,38185,440,490488,349260,36,4,Salaried,3,Average,1
53,56153,368,131401,928548,60,4,Salaried,10,Good,1
43,92535,559,205459,477443,12,3,Salaried,1,Good,0
35,148653,820,61032,707302,36,2,Business,3,Good,1
53,66717,670,175150,621952,24,3,Business,3,Good,1
45,17763,718,350806,733429,12,0,Salaried,19,Good,1
37,107910,400,21300,137342,48,4,Self-Employed,0,Average,0
53,70480,542,337844,64407,24,4,Salaried,10,Good,1
22,133094,811,444161,163926,60,3,Unemployed,1,Good,1
34,26064,394,55609,371345,24,4,Unemployed,18,Poor,0
60,91848,525,191634,916525,48,2,Self-Employed,7,Good,1
60,52548,817,90045,497564,24,4,Self-Employed,19,Good,1
59,21476,513,324045,787341,12,3,Business,3,Average,0
26,105101,366,267847,592166,24,2,Business,15,Average,0
26,17382,695,223717,133100,36,2,Self-Employed,14,Good,1
23,94698,311,325259,915061,48,4,Unemployed,4,Average,0
27,60095,536,219162,498636,24,3,Self-Employed,4,Good,1
28,144974,698,27676,544308,48,4,Self-Employed,14,Good,1
35,42197,706,454926,273059,12,0,Business,16,Good,1
49,142619,779,453293,617456,36,0,Self-Employed,2,Average,1
53,37010,521,383476,300396,60,2,Business,17,Good,1
50,102923,455,220412,824769,24,4,Salaried,10,Average,1
59,148962,727,176512,367006,12,0,Salaried,5,Good,1
47,145526,457,167995,78004,48,1,Salaried,11,Poor,1
56,124162,715,291946,856903,48,0,Self-Employed,16,Poor,1
49,135927,625,352475,574252,12,4,Salaried,13,Good,1
58,23026,670,456120,666108,24,4,Unemployed,5,Good,1
53,79925,643,453378,241239,60,0,Self-Employed,9,Average,1
57,83842,561,124786,676517,24,4,Business,15,Good,1
47,48665,582,327313,527044,36,4,Salaried,17,Good,1
53,24277,528,68147,901740,24,1,Business,19,Good,0
24,63008,579,22075,396113,36,2,Self-Employed,5,Good,1
42,29683,589,344159,64568,48,4,Self-Employed,18,Good,1
22,146742,346,205788,583754,36,3,Salaried,2,Good,1
30,93542,513,9304,272129,60,2,Self-Employed,11,Average,1
25,69319,323,129851,631612,12,2,Self-Employed,15,Good,1
30,107067,620,382873,938640,36,3,Self-Employed,2,Good,0
53,83975,573,59622,196539,24,0,Unemployed,15,Poor,0
58,116158,612,316359,650243,36,1,Business,3,Average,1
33,26577,662,473362,197748,48,4,Unemployed,19,Good,1
51,92299,679,336117,144791,36,0,Self-Employed,12,Good,1
56,35176,769,108654,736874,60,3,Unemployed,3,Good,1
44,78972,415,405737,945150,36,1,Business,3,Good,1
35,135018,341,249109,596938,60,1,Salaried,6,Poor,1
49,34996,678,286172,400434,24,1,Salaried,20,Average,1
28,115922,505,39328,127701,48,3,Salaried,11,Poor,1
25,101598,765,289445,847115,12,0,Salaried,1,Average,0
49,50931,579,300159,279164,24,4,Salaried,15,Good,1
24,139168,417,218348,503035,24,1,Salaried,6,Average,1
32,138099,536,36845,655266,12,1,Business,18,Average,1
22,49693,608,348962,579148,36,0,Salaried,10,Good,1
47,123944,755,76394,709089,36,1,Salaried,0,Good,1
51,32374,774,175231,605639,36,1,Business,8,Good,1
56,96471,399,305858,555920,48,3,Business,4,Good,1
56,60913,560,80722,374888,24,2,Unemployed,16,Average,1
46,138683,604,492937,729706,60,0,Self-Employed,0,Average,1
47,59516,653,489946,956630,12,0,Salaried,16,Poor,1
25,102796,585,287374,910587,24,0,Salaried,11,Average,0
40,41069,627,92554,171449,36,3,Salaried,12,Average,0
31,133333,402,49262,650988,12,3,Salaried,10,Good,1
30,99811,362,483417,809774,60,4,Salaried,12,Good,1
60,133028,581,41722,843387,24,3,Unemployed,12,Poor,0
58,54178,740,439575,307571,24,0,Salaried,5,Average,1
26,47821,592,324940,513506,48,4,Salaried,5,Average,0
28,31999,306,171231,487509,24,2,Salaried,19,Good,1
43,53712,391,240740,766696,24,1,Business,20,Average,1
46,48722,489,87052,858094,60,1,Salaried,9,Poor,0
32,25625,775,100808,580696,60,4,Salaried,18,Good,1
46,21859,810,255416,745763,12,2,Salaried,2,Average,0
33,125986,761,262128,313369,36,1,Salaried,6,Good,1
60,36839,352,221281,979700,60,4,Salaried,4,Good,0
38,42216,785,398455,513002,12,3,Self-Employed,7,Average,1
45,67953,789,246052,196444,24,0,Salaried,4,Good,1
53,64522,663,354095,831608,12,2,Business,11,Good,1
60,126249,411,313030,591567,12,1,Self-Employed,3,Average,1
32,22485,708,365568,160401,12,0,Business,18,Average,1
56,127701,306,420411,276801,12,4,Salaried,17,Good,1
24,117638,496,104697,821668,60,1,Salaried,2,Poor,0
25,27226,666,488075,553575,36,0,Salaried,6,Good,1
57,108405,549,231572,928836,12,3,Self-Employed,7,Poor,1
28,37588,539,232842,219259,48,2,Self-Employed,14,Average,0
48,52019,679,96299,297145,24,4,Salaried,20,Good,1
51,80133,770,165746,360625,24,1,Business,16,Good,1
29,129444,754,149177,733835,24,3,Business,18,Good,1
49,132603,665,160811,94552,24,2,Business,3,Good,1
34,143585,589,163041,249041,24,2,Salaried,15,Average,1
60,58395,702,14497,257606,12,3,Self-Employed,12,Good,1
42,140814,357,395032,804965,36,1,Salaried,11,Good,1
31,127599,820,254204,836157,48,2,Self-Employed,3,Average,1
43,40939,603,381059,450074,60,4,Salaried,11,Good,1
21,15203,414,257471,779846,48,0,Salaried,16,Good,0
57,44063,509,92019,124474,60,4,Business,8,Good,1
41,105880,340,190326,337312,60,2,Self-Employed,11,Average,1
46,18748,472,109017,606387,48,0,Salaried,14,Average,0
56,132269,533,480911,252252,12,3,Salaried,19,Average,0
43,95764,702,331529,814742,24,0,Self-Employed,1,Good,1
21,123036,338,218220,373599,12,0,Unemployed,8,Good,0
60,131525,418,105153,628528,24,0,Self-Employed,13,Good,1
35,100679,634,33826,386940,36,2,Unemployed,3,Good,1
41,140829,635,110034,891024,60,1,Salaried,3,Good,1
29,143216,838,456581,835034,48,2,Self-Employed,5,Good,1
29,148175,373,84242,434325,36,1,Business,4,Good,1
30,80901,490,385210,302051,24,3,Self-Employed,16,Average,1
46,113046,623,50100,151611,12,3,Salaried,12,Good,1
55,105012,446,221171,632334,48,3,Self-Employed,19,Good,1
45,93278,583,387314,824756,60,3,Self-Employed,16,Poor,1
46,27391,512,397575,66488,36,3,Business,18,Good,0
31,117476,693,358349,239913,60,4,Business,0,Good,1
58,135721,638,12809,430665,24,2,Business,20,Poor,1
22,112537,321,64450,967899,60,1,Self-Employed,16,Poor,1
27,96159,404,300572,758029,12,3,Salaried,2,Good,1
38,146040,765,488206,716205,36,4,Salaried,13,Average,1
47,50503,758,334934,741419,36,4,Business,11,Good,1
54,90403,731,111126,68394,12,4,Unemployed,14,Average,1
47,79286,520,352465,930425,60,2,Salaried,5,Poor,1
37,89842,678,264237,226978,12,3,Self-Employed,19,Good,1
44,119927,521,44498,109332,48,4,Salaried,1,Average,0
45,29908,557,116251,218377,12,4,Salaried,3,Average,0
27,52228,666,40985,92628,60,3,Self-Employed,12,Good,1
26,38386,648,294153,857784,12,2,Self-Employed,12,Average,0
44,43302,524,475310,529898,24,4,Salaried,16,Good,1
53,75815,535,390659,919403,12,1,Business,5,Good,1
49,78344,482,17718,101993,12,0,Business,10,Poor,1
42,126603,743,278849,220458,60,0,Unemployed,18,Good,1
46,76114,305,349762,939459,48,0,Salaried,15,Good,0
48,40525,535,62598,500281,48,2,Self-Employed,7,Average,1
41,94818,426,340022,956644,60,4,Salaried,0,Poor,0
27,129589,403,274383,528720,60,0,Salaried,9,Poor,0
37,109715,779,308766,556357,60,0,Self-Employed,1,Good,1
40,21644,454,46665,58539,24,3,Business,18,Good,1
40,116154,556,294418,182335,36,4,Salaried,13,Good,1
42,58469,534,404635,456521,12,4,Unemployed,2,Good,1
48,121609,799,370512,890249,60,3,Business,8,Poor,1
60,80206,588,146075,991902,60,4,Business,7,Average,1
27,111462,809,161938,290310,60,1,Business,10,Good,1
21,98178,597,153060,256873,48,2,Salaried,14,Good,1
52,101724,436,449110,361251,60,3,Business,5,Poor,1
33,111393,675,370707,999656,12,0,Salaried,1,Average,1
50,142314,386,221516,536476,60,4,Business,0,Good,1
43,91312,718,136746,998128,12,1,Salaried,2,Average,1
39,90324,498,201610,965672,24,1,Salaried,17,Good,1
52,86196,762,355247,411799,36,2,Self-Employed,13,Average,1
50,85014,736,66446,630420,48,1,Salaried,16,Average,1
49,48340,609,29072,962133,12,4,Salaried,1,Average,1
49,54850,580,33717,155494,24,4,Salaried,18,Good,1
50,128711,622,218417,889411,36,1,Business,8,Good,1
36,26094,451,157723,894445,36,4,Self-Employed,7,Good,0
60,102959,601,379346,275997,36,4,Salaried,9,Poor,0
39,20741,577,437507,638085,12,0,Salaried,8,Poor,0
38,126585,307,384533,101798,24,3,Salaried,7,Average,0
21,137564,534,109525,722010,60,4,Self-Employed,6,Poor,1
34,83798,601,456566,469230,24,4,Business,5,Average,0
22,131026,337,213092,650709,24,2,Salaried,1,Good,1
48,125130,435,4646,319578,24,3,Salaried,8,Average,0
50,37164,720,301857,866460,12,3,Salaried,8,Good,1
58,45257,518,330080,640846,12,3,Salaried,18,Good,1
24,110989,647,175403,860763,12,1,Salaried,8,Good,1
21,67691,845,284329,117573,24,0,Business,1,Good,1
28,94768,378,346407,703761,12,0,Salaried,18,Average,0
49,29026,572,229728,517508,36,2,Self-Employed,15,Good,1
59,45908,460,52107,227398,12,3,Self-Employed,13,Good,1
23,34610,607,244865,395123,48,3,Salaried,19,Average,0
52,78185,673,459770,840555,12,4,Business,0,Average,1
30,87567,308,279707,328747,12,1,Self-Employed,12,Good,0
30,51182,743,70729,378085,12,1,Salaried,1,Good,1
39,131136,412,277845,92597,12,2,Business,13,Good,1
54,146642,504,200144,768598,48,0,Salaried,0,Average,0
53,34288,704,441433,920670,60,3,Business,14,Average,0
43,93824,496,437826,485935,12,2,Self-Employed,17,Good,0
48,99425,414,215494,797146,36,1,Self-Employed,8,Poor,1
52,15917,420,495339,353895,48,1,Business,7,Good,0
27,90602,364,252615,962894,60,1,Business,6,Good,1
49,79575,575,443347,136978,12,3,Self-Employed,8,Good,1
28,87518,538,128331,329837,60,3,Business,8,Good,1
21,54104,601,160482,532757,36,3,Salaried,10,Poor,0
23,31999,691,99280,218769,48,4,Self-Employed,3,Good,1
44,76169,821,189787,406668,48,0,Salaried,6,Good,1
43,144744,668,38665,410013,60,1,Salaried,20,Good,1
28,125684,532,278101,735352,12,1,Business,6,Good,0
57,74821,494,441343,375969,24,4,Salaried,3,Good,1
23,27192,311,456805,714882,48,1,Salaried,11,Good,0
53,89102,476,308152,442619,24,1,Business,16,Good,1
48,129894,516,324064,881838,48,3,Salaried,19,Good,0
28,101795,310,259285,288078,12,3,Salaried,2,Average,0
54,81677,745,163947,290140,12,0,Self-Employed,8,Average,1
55,149327,463,113828,717481,48,1,Self-Employed,4,Good,1
52,117412,850,385996,697659,60,2,Business,19,Good,1
44,34404,352,132698,457435,12,1,Self-Employed,15,Poor,1
34,131545,517,90815,838049,12,1,Self-Employed,7,Good,1
52,38989,659,194894,93016,36,0,Business,20,Good,1
36,123106,684,464981,493888,12,2,Salaried,15,Average,1
24,39519,355,203485,336420,36,1,Self-Employed,18,Average,1
57,37439,417,164714,805247,12,2,Business,15,Good,0
41,133570,552,300455,384384,12,3,Salaried,17,Good,0
34,29995,479,32356,942724,60,3,Salaried,14,Good,0
51,38559,714,265953,236807,60,2,Salaried,17,Average,1
38,104049,534,436587,592247,12,1,Self-Employed,13,Good,1
27,113000,379,297019,602810,48,2,Salaried,15,Good,1
30,54350,321,241121,499303,48,2,Self-Employed,4,Good,1
27,40517,776,271609,453169,12,3,Business,7,Good,1
53,104132,739,197167,76567,48,2,Self-Employed,15,Good,1
43,74546,392,335988,503739,12,4,Salaried,20,Good,1
41,120686,491,196322,112708,60,4,Business,0,Good,1
39,103151,402,349033,176206,24,3,Salaried,10,Average,0
39,18327,695,15250,596848,36,1,Business,10,Good,1
56,135318,306,46023,632678,48,1,Self-Employed,1,Average,1
49,130945,530,101350,700060,48,3,Salaried,18,Good,1
38,61830,539,177696,511365,60,1,Unemployed,4,Poor,1
22,67446,389,16427,357248,48,0,Salaried,2,Poor,1
21,84341,531,426492,632093,12,4,Unemployed,7,Good,1
25,46085,756,333787,286109,12,0,Salaried,3,Poor,1
40,70571,532,210084,545951,24,0,Salaried,12,Good,1
31,143308,653,134511,336640,24,0,Salaried,13,Average,1
22,20750,632,479064,788661,24,3,Salaried,0,Good,0
23,128931,738,218403,141257,12,0,Business,4,Good,1
43,93768,674,78672,53515,24,2,Self-Employed,20,Good,1
32,50903,591,472919,578742,24,1,Business,6,Good,1
40,106036,644,17300,287145,12,3,Salaried,5,Average,1
25,102954,727,322433,72873,60,2,Salaried,14,Good,1
57,98014,429,410398,910352,48,2,Self-Employed,14,Good,1
58,132305,440,463723,325871,36,4,Salaried,7,Poor,0
50,47101,714,444128,702664,12,4,Self-Employed,1,Poor,1
29,17775,392,420125,643358,12,2,Self-Employed,13,Poor,0
54,126497,583,19659,935491,36,4,Salaried,15,Poor,1
55,60619,522,162475,698852,36,1,Business,9,Good,1
42,72124,762,245259,278497,24,1,Business,14,Good,1
44,80149,844,426802,691501,36,4,Self-Employed,3,Good,1
37,41616,575,10360,755339,48,0,Salaried,11,Poor,1
30,76799,439,283568,599753,48,2,Salaried,9,Good,1
50,105221,656,98035,234972,48,1,Salaried,1,Good,1
43,129879,322,48791,634087,48,4,Salaried,3,Good,1
52,40479,569,396281,560237,48,4,Salaried,19,Good,1
37,114165,632,199867,670417,24,1,Business,5,Good,1
37,70863,384,274444,464546,12,1,Self-Employed,13,Average,0
34,97569,330,33370,713662,36,0,Self-Employed,2,Good,1
29,31351,539,200903,419432,12,4,Salaried,14,Good,1
60,59825,662,27209,293761,36,4,Unemployed,0,Average,1
22,26349,688,495047,292821,24,3,Salaried,18,Average,1
45,59254,598,283071,62875,24,0,Business,0,Good,1
59,53225,670,34579,601507,60,1,Unemployed,12,Poor,1
29,27453,398,271176,872614,60,1,Business,7,Average,0
42,92694,346,93254,785901,24,2,Unemployed,17,Good,1
24,30735,721,340557,485485,24,1,Self-Employed,2,Average,1
46,62893,779,433947,391925,36,4,Salaried,17,Average,1
49,142006,361,113528,56457,24,1,Salaried,19,Good,1
54,60066,408,223274,974253,12,4,Salaried,8,Good,1
43,149445,848,446983,83064,36,4,Salaried,5,Good,1
57,25692,418,386060,977325,24,0,Self-Employed,19,Average,0
31,60541,681,238292,689544,36,1,Salaried,1,Good,1
26,81983,691,334446,934729,36,0,Business,3,Average,1
38,135747,351,181026,808947,48,4,Salaried,17,Good,1
41,100103,588,248342,259727,60,1,Salaried,6,Good,1
56,40566,636,219437,975168,36,1,Unemployed,10,Good,1
58,88193,503,347901,210353,36,0,Salaried,4,Good,1
54,136015,537,418318,832351,48,0,Business,7,Poor,0
37,145956,681,427649,286887,24,4,Business,10,Average,1
57,85744,435,278076,475037,36,4,Salaried,19,Good,1
45,48455,706,287858,809129,48,1,Self-Employed,19,Good,1
58,69219,807,57803,992151,12,1,Salaried,14,Average,1
32,60991,661,432959,644206,48,3,Business,2,Average,1
43,88616,680,133624,263057,60,3,Self-Employed,6,Average,1
42,102438,553,56627,526015,60,2,Salaried,7,Good,1
41,131841,776,177059,926611,24,4,Business,10,Poor,1
47,73870,413,341954,387088,24,2,Salaried,9,Average,1
51,101694,319,45380,139142,60,2,Business,19,Good,1
26,58856,827,160322,77603,60,0,Business,8,Good,1
47,116407,444,199416,882890,36,0,Business,14,Good,1
60,46379,507,326830,120605,60,3,Business,19,Average,1
54,79729,830,382465,331767,24,2,Salaried,4,Good,1
32,69353,675,307172,618728,60,3,Unemployed,14,Good,1
27,29031,803,146367,918859,24,4,Salaried,3,Good,1
30,80982,465,375285,975208,12,1,Self-Employed,4,Good,1
37,51683,849,317392,405970,60,0,Salaried,14,Good,1
46,129091,480,473421,339604,24,4,Unemployed,16,Average,0
41,132797,743,272667,264117,48,4,Business,7,Good,1
48,21587,631,307674,788165,36,0,Business,18,Good,0
22,77790,802,259125,516727,24,0,Salaried,8,Good,1
21,46480,378,13769,160373,60,2,Business,9,Good,1
56,38569,695,456258,974069,60,3,Business,4,Good,1
46,26151,402,112035,317014,12,4,Self-Employed,9,Good,1
49,59739,701,175717,68909,48,2,Salaried,0,Good,1
41,47954,523,221815,321261,24,2,Salaried,3,Average,1
31,124373,817,455358,299975,48,4,Salaried,20,Good,1
60,49700,535,231832,903906,12,4,Salaried,4,Average,1
31,138728,726,156629,668214,36,1,Salaried,6,Good,1
56,81788,415,234799,487538,48,3,Salaried,4,Good,1
59,86045,462,341926,177463,12,4,Salaried,19,Average,1
60,142992,525,340526,151536,24,0,Salaried,7,Good,1
55,95059,529,168157,856560,36,1,Salaried,16,Poor,0
54,16881,481,443924,301981,60,3,Unemployed,0,Good,0
44,147702,548,444573,540533,12,0,Self-Employed,17,Good,0
42,35789,617,373083,381145,60,0,Salaried,11,Good,0
25,141083,509,144542,836872,36,3,Self-Employed,2,Poor,1
53,103059,691,340856,230685,12,1,Self-Employed,19,Poor,1
56,61151,395,118643,697779,12,0,Unemployed,13,Good,1
40,124388,385,369561,979167,36,2,Salaried,15,Good,1
39,18262,714,210154,547275,24,3,Salaried,17,Good,1
55,81981,693,137877,200619,12,3,Unemployed,9,Average,1
37,135951,800,213396,655950,36,4,Salaried,14,Good,1
54,138099,432,390400,810416,48,1,Salaried,9,Good,1
29,96972,613,225956,50005,60,2,Salaried,0,Good,1
46,90485,520,455244,284152,12,2,Salaried,18,Average,1
22,69722,737,181844,319182,48,4,Unemployed,1,Good,1
29,104499,345,445320,842846,12,0,Salaried,12,Average,0
29,21901,491,466832,530875,24,0,Unemployed,15,Average,0
60,132473,819,101422,905938,36,2,Unemployed,7,Good,1
37,23597,678,351444,913018,12,1,Self-Employed,2,Good,1
21,144631,633,268774,445822,36,0,Salaried,20,Average,1
45,78909,338,386618,852914,12,3,Salaried,18,Good,0
60,87391,592,361013,804189,24,4,Salaried,13,Good,1
45,78293,461,277845,252945,24,1,Salaried,10,Average,1
59,26874,630,145931,608236,48,0,Self-Employed,11,Poor,0
55,101402,403,414399,402131,24,2,Salaried,10,Poor,0
23,29079,460,433654,272873,36,4,Unemployed,10,Average,0
57,87779,353,359429,272322,24,0,Self-Employed,20,Good,1
50,110408,333,117556,70875,12,2,Self-Employed,17,Good,1
58,135606,541,228495,325201,24,0,Business,9,Good,1
54,135062,412,254809,82400,36,4,Salaried,15,Good,1
32,27100,617,435460,514674,12,3,Salaried,7,Good,1
39,72021,322,205384,118607,48,3,Salaried,5,Good,1
57,143126,417,15021,923993,48,2,Salaried,18,Poor,0
37,107446,511,200935,339647,48,3,Self-Employed,12,Poor,0
30,44437,717,448781,466981,12,4,Salaried,14,Poor,1
32,35862,412,441259,151096,48,2,Salaried,12,Good,1
36,26669,343,204222,620900,24,0,Unemployed,0,Poor,0
44,136219,427,64361,934750,12,1,Salaried,20,Good,1
39,30916,457,394461,311538,12,0,Self-Employed,1,Good,1
28,25878,693,434227,134335,12,4,Salaried,12,Average,1
51,17985,811,272499,413133,60,2,Salaried,1,Good,0
41,56235,344,98841,667300,36,0,Self-Employed,10,Poor,0
37,33931,407,441908,131748,60,2,Unemployed,12,Good,1
43,107876,518,180076,976932,60,3,Salaried,9,Good,1
57,15336,742,246300,736779,60,1,Salaried,14,Good,1
36,57933,614,160786,115195,36,4,Salaried,0,Poor,1
26,60536,476,17198,779055,60,0,Salaried,13,Good,1
28,84504,527,329095,664134,48,1,Salaried,9,Average,1
45,114214,566,394868,676692,12,4,Self-Employed,17,Average,0
38,128936,678,436841,351286,12,4,Salaried,10,Average,1
45,31279,788,258466,835608,24,3,Salaried,6,Good,1
32,118751,589,479198,121540,48,2,Self-Employed,14,Good,1
35,119433,656,18740,743649,36,2,Salaried,2,Average,1
46,86386,503,265954,389092,12,1,Salaried,1,Poor,0
46,101124,512,385887,895383,60,3,Unemployed,7,Average,0
52,120750,622,409785,61755,24,4,Salaried,7,Good,1
30,92485,480,258308,827203,24,3,Business,10,Good,1
36,89055,798,99855,430129,12,3,Salaried,15,Good,1
27,106911,619,210192,658841,48,1,Salaried,1,Average,0
37,113618,382,288927,184962,24,2,Salaried,4,Good,1
43,128892,602,121701,930808,12,3,Salaried,6,Average,1
46,86128,561,492281,306760,48,3,Salaried,19,Poor,0
41,67495,499,340191,67175,12,3,Salaried,12,Good,1
42,97806,539,271615,902119,12,0,Business,1,Good,0
27,108185,594,110771,921415,48,3,Self-Employed,2,Poor,1
34,64649,811,6163,531503,48,3,Salaried,8,Good,1
35,110402,695,456303,800071,48,4,Self-Employed,9,Good,1
27,45676,437,324215,729648,12,0,Business,12,Good,1
29,79093,428,16065,96629,24,3,Business,20,Good,1
28,94414,348,384467,691067,36,3,Salaried,12,Average,0
43,108095,592,241262,228872,36,1,Business,4,Good,1
49,87307,835,380113,742727,12,1,Salaried,6,Good,1
38,110432,610,345600,520970,12,0,Salaried,16,Average,1
51,46923,836,497721,380657,24,4,Self-Employed,14,Good,1
50,132449,533,248924,657050,48,0,Business,4,Good,1
59,62574,508,179420,210094,12,0,Unemployed,6,Average,0
55,136757,393,281298,774689,60,1,Unemployed,1,Poor,0
38,68664,626,367847,969163,48,1,Salaried,17,Good,1
59,82384,524,20229,107941,12,4,Unemployed,9,Good,1
37,46027,310,314731,355617,60,3,Salaried,0,Average,0
34,49485,628,250470,760958,24,4,Salaried,13,Average,0
51,50554,311,311857,66040,60,3,Self-Employed,18,Good,1
44,61922,334,158069,119806,12,2,Salaried,15,Good,1
55,28409,746,21101,718646,36,1,Self-Employed,18,Good,1
54,51639,751,40391,250211,12,2,Salaried,5,Average,1
23,34692,519,206935,686364,36,2,Unemployed,11,Good,1
57,104037,740,72723,105916,24,1,Salaried,2,Poor,1
60,33074,834,226293,722960,24,2,Salaried,6,Good,1
46,44963,528,190477,445507,48,0,Unemployed,2,Average,0
43,67265,643,166020,456339,48,3,Salaried,16,Poor,0
59,31061,379,362408,840243,36,4,Self-Employed,14,Good,1
35,128502,652,446247,605564,36,1,Self-Employed,18,Good,1
24,37800,695,300065,235217,24,0,Self-Employed,18,Good,1
49,131192,589,465787,917481,60,4,Self-Employed,10,Good,0
42,122228,754,470223,251750,36,4,Salaried,20,Good,1
45,43054,427,290604,269854,36,4,Business,19,Good,1
33,28233,842,414287,796403,60,2,Salaried,1,Poor,0
38,80727,658,197190,994218,48,2,Salaried,6,Average,1
53,105610,826,179354,761045,48,2,Salaried,18,Poor,1
36,85453,612,91725,717554,36,2,Self-Employed,6,Good,1
22,119135,374,320589,385206,48,0,Self-Employed,9,Good,1
55,123464,845,212139,200434,48,2,Unemployed,11,Good,1
54,28682,495,344352,890931,48,1,Business,17,Good,0
50,73160,328,448032,620569,24,4,Self-Employed,5,Good,1
33,38666,315,368427,881284,12,0,Unemployed,19,Good,0
33,73817,722,85779,836408,36,2,Salaried,20,Average,1
38,106198,704,3060,827981,36,4,Self-Employed,7,Good,1
52,56830,830,125806,554869,24,0,Self-Employed,4,Good,1
52,25234,376,275875,753196,12,4,Salaried,2,Good,0
55,72616,528,339974,578883,12,0,Business,1,Poor,0
59,24221,596,115871,670218,24,3,Salaried,5,Good,1
49,16051,809,20719,196474,60,0,Self-Employed,6,Good,1
49,125529,837,440258,311745,60,2,Business,7,Good,1
36,91918,625,49116,770643,12,4,Unemployed,3,Good,0
30,93116,662,26325,404820,60,4,Business,11,Average,1
50,137226,658,415813,748083,60,4,Self-Employed,11,Good,1
45,59757,623,460655,232394,60,1,Self-Employed,16,Good,0
59,136008,625,14551,752124,12,1,Salaried,18,Good,1
40,146379,464,355431,468127,60,2,Salaried,8,Average,0
25,71889,754,286422,796648,36,3,Unemployed,11,Good,1
21,50944,452,484405,855837,12,1,Unemployed,20,Good,1
50,114555,426,15141,108122,24,0,Business,16,Good,1
23,53134,492,330057,804849,60,2,Salaried,9,Good,1
34,40954,829,295759,282661,48,3,Business,18,Good,1
50,104959,309,122058,703197,12,0,Unemployed,10,Good,1
24,19992,391,193823,315591,24,4,Salaried,19,Good,1
38,16961,438,112684,234215,36,1,Self-Employed,12,Good,1
57,27497,780,289596,60662,24,0,Business,3,Average,0
45,28255,748,415941,506217,60,3,Self-Employed,14,Good,1
21,63847,632,50391,632570,48,2,Unemployed,11,Good,1
35,35389,639,120288,448115,60,0,Salaried,9,Good,1
29,138802,351,206132,865014,24,2,Business,6,Good,1
35,76576,765,113535,641759,12,4,Business,1,Good,1
44,58919,774,142770,697801,48,3,Salaried,20,Good,1
24,18358,700,239947,223285,48,3,Business,6,Good,1
32,103535,738,86711,681866,24,1,Self-Employed,7,Good,1
57,120982,808,339994,912303,60,3,Salaried,20,Good,1
57,20698,452,371877,657493,24,0,Salaried,18,Average,0
26,81809,813,264509,910513,48,0,Salaried,5,Good,1
59,108079,802,228625,942215,24,0,Business,20,Good,1
44,70805,305,359806,284631,48,4,Unemployed,7,Good,1
31,90033,799,43372,133805,60,3,Salaried,19,Good,1
33,113239,417,44134,174698,12,3,Salaried,3,Good,1
54,145407,784,299967,218902,12,0,Salaried,19,Good,1
45,59041,767,71158,974570,24,1,Self-Employed,8,Good,1
27,46954,460,358220,60712,48,1,Unemployed,4,Good,0
24,23002,569,237159,393671,12,3,Self-Employed,5,Good,1
28,84783,355,133021,965885,48,3,Self-Employed,18,Good,1
40,122524,527,49396,701176,60,2,Self-Employed,11,Average,0
49,139857,448,370480,806686,24,3,Salaried,4,Poor,0
30,34738,345,31912,568680,48,0,Business,4,Average,1
54,25703,443,56947,246437,24,4,Self-Employed,17,Good,1
46,128776,639,490913,661473,48,3,Self-Employed,5,Average,1
23,59724,712,44387,411995,48,3,Business,8,Good,1
26,47299,819,457181,474022,60,0,Business,10,Average,1
25,30641,643,278652,586498,24,2,Business,13,Average,0
25,94534,686,307736,86972,36,3,Unemployed,1,Average,1
43,21305,772,109249,811254,48,1,Unemployed,13,Good,0
29,33782,574,1919,346280,48,1,Self-Employed,18,Good,1
55,93257,652,304739,487513,12,1,Salaried,9,Good,1
40,92963,365,140689,952877,24,4,Salaried,4,Good,1
55,136987,378,468484,852377,36,4,Business,3,Good,0
38,139591,501,33298,800561,60,3,Salaried,6,Good,1
37,82766,412,237225,391324,36,3,Salaried,12,Good,1
44,21511,390,400145,382597,60,3,Salaried,9,Poor,0
23,129816,440,233725,921836,36,4,Business,9,Good,1
52,19765,588,276600,980728,36,3,Self-Employed,3,Good,0
55,38929,710,109599,53052,24,0,Salaried,15,Poor,1
58,126576,676,348820,339416,12,2,Salaried,14,Poor,1
33,86088,683,83721,353294,36,1,Business,20,Good,1
45,92525,451,300068,801564,48,1,Salaried,10,Good,1
29,28780,618,286384,198388,48,0,Salaried,18,Good,1
24,21589,668,349525,496605,48,3,Self-Employed,20,Good,1
34,108664,761,271372,712600,12,4,Self-Employed,2,Poor,1
57,119188,311,283830,933527,36,3,Salaried,14,Average,0
54,108326,455,11920,380918,60,3,Self-Employed,15,Good,1
31,55953,776,7432,879607,60,1,Salaried,13,Poor,1
23,80785,700,456791,443781,24,1,Business,4,Average,1
48,34309,476,110507,66375,12,4,Salaried,16,Poor,1
49,69195,640,392653,599998,36,1,Salaried,17,Poor,1
29,40901,356,333869,755255,48,3,Business,18,Good,1
23,40464,747,224647,828912,12,0,Business,0,Good,1
45,31260,502,164982,720534,12,4,Salaried,8,Good,1
54,139997,501,121764,419170,36,0,Salaried,20,Poor,1
32,50440,629,161298,530545,24,3,Business,13,Poor,1
29,110082,662,204222,77597,24,4,Business,19,Good,1
35,120583,753,321243,386433,24,0,Salaried,20,Good,1
60,71683,655,112557,481613,48,4,Self-Employed,19,Good,1
45,139206,515,348904,135687,48,3,Salaried,20,Average,0
25,148059,322,18013,168968,36,4,Self-Employed,10,Good,1
31,93484,454,21446,614562,24,3,Salaried,1,Good,1
54,83309,485,367353,517453,36,4,Salaried,19,Good,1
44,60927,548,496409,253570,24,4,Salaried,4,Average,0
35,57946,433,201447,481413,12,1,Salaried,14,Poor,1
58,141503,620,455725,622922,60,3,Salaried,11,Good,1
28,68592,689,102261,866473,60,2,Salaried,13,Good,1
25,48776,733,357883,974752,24,4,Salaried,10,Average,1
46,149855,321,262701,397509,36,0,Salaried,20,Poor,1
38,70798,424,423882,969707,48,1,Business,8,Good,1
26,85204,378,168461,888418,24,1,Salaried,19,Good,1
57,101207,350,178772,861802,24,4,Business,7,Good,1
33,115356,475,130878,347391,48,2,Salaried,11,Good,1
48,75652,552,99143,960835,24,1,Salaried,2,Good,1
25,144572,545,24578,431688,12,3,Self-Employed,20,Good,1
33,35922,405,74779,256994,48,4,Unemployed,14,Good,1
37,91996,492,140668,830768,12,4,Salaried,7,Average,1
60,45266,615,319644,443650,60,2,Salaried,6,Good,1
52,17866,601,72534,637270,48,3,Self-Employed,16,Good,0
49,127669,847,272273,901612,48,3,Unemployed,11,Good,1
23,20898,567,456610,682822,36,2,Unemployed,19,Good,0
60,33395,469,197118,739834,36,0,Salaried,17,Good,1
54,19006,850,273740,336788,48,3,Salaried,17,Average,0
60,25956,754,65355,612781,60,0,Self-Employed,14,Good,1
47,110676,591,12974,395968,24,0,Self-Employed,2,Good,1
33,136724,440,197745,564922,36,4,Self-Employed,18,Good,1
53,77901,445,374148,971463,60,4,Business,14,Poor,1
26,122227,724,251366,883721,60,1,Business,15,Good,1
44,132192,613,388938,978647,36,4,Salaried,16,Good,1
39,46417,483,486649,482809,24,3,Salaried,0,Good,0
36,103020,427,332346,482331,36,3,Self-Employed,10,Good,1
60,98639,586,74442,816505,60,0,Salaried,5,Average,1
48,109881,552,152890,727900,12,3,Salaried,8,Good,1
53,147659,685,436462,347625,36,4,Salaried,19,Average,1
33,136688,529,55598,276577,60,4,Salaried,15,Good,1
45,130584,570,133726,651385,36,4,Salaried,5,Poor,1
56,101567,714,33758,859010,60,2,Business,11,Good,1
47,90886,497,286348,980291,24,3,Salaried,18,Poor,0
58,44432,622,127309,384192,60,1,Self-Employed,12,Good,1
27,87373,355,166000,564771,48,3,Salaried,12,Good,1
25,35884,502,184681,233951,12,3,Salaried,3,Good,1
51,20454,437,30552,191668,60,2,Unemployed,8,Poor,0
43,89960,721,403552,503885,36,3,Business,13,Good,1
30,117421,356,309181,463146,36,0,Salaried,13,Good,1
52,58618,370,147278,229022,60,4,Business,16,Good,1
50,62111,671,34831,932169,48,4,Salaried,4,Poor,1
59,135592,813,43563,330831,60,2,Unemployed,18,Good,1
51,74993,383,18361,496049,24,4,Salaried,1,Good,1
38,143652,342,303479,172540,48,0,Salaried,12,Poor,0
56,93672,432,74469,741349,60,2,Self-Employed,10,Poor,0
22,81125,694,25816,866615,12,1,Business,1,Good,1
34,132509,364,257422,332902,48,4,Salaried,0,Poor,0
33,76602,589,146691,706442,60,3,Business,20,Good,1
49,57222,675,234295,812301,12,0,Salaried,2,Good,1
32,64223,766,92479,670656,60,0,Unemployed,11,Average,1
59,80333,512,26819,620179,24,4,Salaried,6,Average,0
22,137650,447,404957,96901,36,1,Unemployed,0,Good,1
52,64420,770,384474,526728,60,3,Salaried,8,Good,1
33,90504,448,8798,416056,48,1,Salaried,17,Good,1
47,17462,387,156215,645350,60,1,Unemployed,19,Average,0
37,24460,623,311839,539838,60,4,Unemployed,5,Poor,0
60,114319,695,425963,726923,60,3,Self-Employed,8,Good,1
51,144593,703,243942,908440,60,4,Salaried,7,Average,1
54,137672,381,230259,445991,48,4,Self-Employed,17,Good,1
44,87920,585,129544,983332,48,0,Self-Employed,14,Average,1
55,37553,681,152254,553528,60,4,Self-Employed,0,Good,1
26,59036,569,253800,569149,36,2,Self-Employed,13,Good,1
39,85021,591,9415,854406,60,3,Salaried,17,Good,1
50,122205,752,404301,727748,48,0,Business,18,Poor,1
27,103209,323,408224,654879,24,3,Business,18,Good,1
30,90139,610,87638,302990,60,0,Salaried,9,Good,1
52,20368,760,18452,330759,60,2,Self-Employed,19,Average,1
54,73829,507,457291,72838,60,4,Self-Employed,20,Good,1
48,144036,737,401336,352872,60,0,Self-Employed,5,Good,1
35,29719,837,195457,690537,12,0,Salaried,16,Good,1
50,44227,635,466572,652288,60,0,Self-Employed,13,Average,0
57,124430,721,110205,364942,48,2,Salaried,12,Good,1
49,27306,620,18170,515992,48,3,Self-Employed,7,Good,1
42,68822,796,16259,987126,12,2,Business,9,Good,1
24,39042,462,284243,194608,60,0,Business,8,Poor,0
40,104424,840,140721,186772,36,0,Salaried,4,Good,1
52,33019,464,129394,744199,60,4,Self-Employed,3,Good,1
56,90426,594,489007,846680,48,2,Unemployed,5,Average,1
24,55863,341,321402,95291,24,2,Salaried,5,Good,1
47,126023,584,172109,919061,24,1,Business,12,Good,1
37,61999,686,273949,265963,36,3,Business,3,Poor,1
32,77780,437,254599,175612,60,1,Business,7,Good,1
42,37908,486,43147,591465,12,1,Salaried,4,Average,1
37,141278,730,74280,462699,60,3,Salaried,1,Average,1
30,128002,715,177125,93815,36,4,Unemployed,8,Good,1
21,115706,725,368921,874965,36,4,Salaried,10,Good,1
42,137019,715,97841,836458,36,3,Salaried,19,Poor,1
46,124708,325,484609,154997,24,3,Self-Employed,19,Average,0
38,24343,670,124726,110611,60,2,Salaried,10,Good,1
34,91173,684,390503,661530,60,2,Business,6,Good,1
49,115260,355,76215,467876,12,2,Self-Employed,13,Average,0
32,84443,552,112909,760463,36,2,Business,5,Good,1
56,72530,405,357509,417057,36,0,Business,3,Good,1
55,111143,429,273129,92082,48,0,Salaried,5,Poor,1
32,129527,675,487039,197330,48,4,Salaried,2,Good,1
27,126362,607,274535,677901,24,0,Business,5,Poor,0
49,43807,390,4861,934747,60,0,Salaried,2,Average,0
31,74550,692,456798,926122,12,2,Unemployed,0,Good,1
53,18558,833,261968,145220,12,2,Business,20,Average,1
26,65113,409,183000,589677,36,3,Salaried,17,Good,1
35,67999,639,296508,141860,12,2,Business,3,Good,1
52,73219,655,344543,733045,36,3,Salaried,5,Good,1
31,68218,467,490251,502436,60,3,Salaried,16,Good,0
43,34229,751,249072,994699,12,0,Business,17,Average,1
46,90209,404,224402,71797,36,2,Business,5,Poor,1
54,42877,449,42923,948407,60,0,Self-Employed,1,Poor,0
54,112137,445,401135,933601,60,2,Salaried,11,Good,1
49,53084,598,186968,820227,36,0,Salaried,11,Average,1
24,96780,466,347962,640620,36,0,Salaried,3,Good,1
37,52034,347,440612,810943,24,0,Salaried,15,Good,1
55,70468,538,165912,274997,60,4,Salaried,19,Good,1
33,25589,306,173327,506123,36,0,Self-Employed,9,Good,0
59,72221,763,333304,450404,60,1,Unemployed,9,Good,1
35,16657,752,128165,335840,12,1,Salaried,6,Good,1
49,113300,670,230314,52024,48,1,Salaried,13,Good,1
49,132229,848,401392,479201,48,3,Business,6,Good,1
31,54531,786,295673,711944,36,0,Business,11,Poor,1
52,67227,510,449622,403142,36,1,Unemployed,10,Poor,0
22,18164,464,144013,208116,60,3,Salaried,16,Average,0
34,108078,424,1669,831627,36,1,Salaried,10,Good,1
40,56247,636,498648,317429,60,2,Self-Employed,20,Average,1
42,65599,491,216854,506331,36,4,Self-Employed,2,Average,1
31,83207,513,379517,843802,60,0,Salaried,18,Average,1
47,87055,627,307003,67903,36,4,Self-Employed,3,Good,0
23,117266,680,55786,737859,24,4,Salaried,7,Good,1
37,93270,538,182155,934336,60,2,Salaried,13,Good,1
48,126426,831,433292,859427,24,2,Self-Employed,19,Good,1
49,149794,381,20323,417304,24,2,Salaried,13,Good,1
41,85442,662,230502,478416,24,3,Self-Employed,15,Average,1
36,110632,804,257249,662665,24,1,Salaried,14,Average,1
57,36438,501,6021,251474,12,0,Salaried,11,Good,1
40,73819,803,497957,456782,48,2,Salaried,15,Good,1
26,58856,336,301951,874254,12,0,Salaried,19,Average,0
39,56938,701,390449,419556,36,0,Salaried,18,Good,1
25,74807,475,312499,887654,36,0,Self-Employed,4,Good,1
23,64877,844,495655,930520,48,2,Business,11,Average,1
21,58461,766,113415,543301,48,2,Salaried,4,Good,1
58,108474,500,437948,402594,48,1,Salaried,9,Poor,1
35,98136,839,270855,493884,24,2,Unemployed,16,Average,1
54,35435,846,456295,683654,12,2,Salaried,14,Poor,1
55,99726,693,7904,422222,36,0,Salaried,7,Good,1
45,69786,341,64033,638141,12,1,Salaried,7,Good,1
44,28704,692,231659,235715,12,4,Business,7,Good,1
32,71635,740,348622,960226,12,2,Salaried,9,Good,1
38,148195,805,120035,203405,48,2,Self-Employed,19,Good,1
35,105710,619,220859,459174,48,4,Salaried,12,Average,1
36,77993,514,186168,626730,36,0,Salaried,15,Poor,1
47,127752,370,221666,464170,36,1,Salaried,8,Poor,0
28,147886,535,231853,280755,36,0,Business,15,Good,1
45,93537,580,265237,583963,12,3,Self-Employed,9,Average,0
37,65258,461,287062,139590,48,2,Salaried,2,Good,1
49,100166,490,465959,420714,24,3,Salaried,13,Good,0
28,128710,308,193708,343805,12,2,Self-Employed,12,Poor,1
35,50699,359,189878,638577,60,3,Business,3,Good,1
47,61335,524,140466,67184,12,4,Salaried,3,Good,1
27,61806,586,124501,884395,48,2,Self-Employed,5,Poor,1
23,92853,468,260228,731182,60,2,Salaried,18,Good,1
49,50739,361,92510,505519,12,3,Salaried,10,Poor,1
44,49785,648,93708,257537,48,1,Salaried,7,Good,1
23,100016,741,97819,841699,48,3,Business,13,Poor,1
40,147681,313,235603,233719,24,2,Salaried,7,Good,1
35,81253,463,406496,899246,12,2,Business,13,Good,1
45,106128,719,36303,872457,48,1,Business,6,Good,1
50,142581,819,27453,171246,36,0,Business,20,Average,1
34,125966,847,371030,389749,48,1,Salaried,17,Poor,1
27,114352,327,322839,706341,24,0,Salaried,11,Average,0
37,92154,745,199521,879868,48,2,Unemployed,13,Poor,1
40,123297,507,156837,723832,12,4,Business,14,Average,0
56,53346,769,395556,200408,12,4,Business,17,Good,1
29,127138,403,222787,730947,60,3,Salaried,11,Average,0
58,65772,725,486625,913624,12,1,Salaried,9,Good,1
42,55149,400,38057,287439,60,1,Business,11,Good,1
22,101700,840,393813,957023,36,4,Salaried,7,Good,1
44,111758,821,189060,396655,24,0,Self-Employed,5,Good,1
28,143447,405,94655,583953,36,1,Salaried,18,Average,0
31,20695,576,277169,732457,60,0,Salaried,0,Good,0
33,54169,364,269289,927709,48,0,Salaried,12,Average,1
37,62947,487,101206,626762,48,0,Salaried,15,Poor,0
28,60865,616,186869,777333,36,0,Salaried,17,Good,1
41,119501,437,303867,468401,48,3,Self-Employed,11,Average,0
38,75410,642,73230,125911,60,3,Salaried,4,Average,1
50,118754,404,398046,142643,24,4,Salaried,20,Good,1
38,105895,845,155002,866916,12,3,Business,12,Average,1
51,65705,679,416968,309383,60,1,Salaried,7,Good,1
58,130700,409,108138,413309,60,3,Salaried,5,Good,1
52,88914,844,207097,226682,12,1,Business,2,Good,1
31,16881,653,491444,756167,12,1,Unemployed,19,Good,1
45,62365,616,212376,862267,24,0,Salaried,3,Good,1
53,94211,565,62040,800639,24,4,Salaried,11,Good,1
58,56198,364,108668,146453,24,0,Self-Employed,12,Good,1
28,115649,632,198768,628078,48,0,Salaried,1,Average,0
31,54553,812,457864,782320,60,3,Business,18,Poor,1
42,137778,432,317174,846075,12,3,Unemployed,3,Good,0
44,132018,839,56815,387990,60,1,Unemployed,12,Good,1
37,47766,834,216741,462167,60,3,Salaried,18,Good,1
32,47006,795,112789,535320,24,3,Salaried,7,Poor,1
52,46422,668,428906,458449,24,2,Unemployed,7,Good,1
35,131590,398,219478,587488,60,1,Salaried,15,Good,1
36,27205,616,483248,626563,24,1,Salaried,10,Good,0
42,131477,422,320067,519284,48,2,Business,17,Average,1
48,43202,619,167644,925433,12,1,Salaried,3,Good,1
40,76692,794,185102,726651,60,4,Salaried,0,Good,1
53,35855,756,330048,354592,12,4,Business,0,Average,0
30,40095,821,244533,998084,48,2,Salaried,13,Average,1
60,64241,819,237469,665973,24,3,Salaried,3,Average,1
52,118119,614,233308,464562,36,4,Salaried,10,Good,1
53,67003,841,160275,847051,48,2,Self-Employed,17,Average,1
22,109837,778,77088,679742,36,4,Salaried,15,Good,1
53,109283,319,5608,576054,12,0,Salaried,16,Good,1
53,138805,429,45667,839981,60,2,Self-Employed,1,Good,1
33,108846,592,55547,724053,24,1,Business,3,Good,1
50,37927,431,415701,505235,48,4,Salaried,2,Good,1
53,135589,655,403078,540674,24,1,Business,14,Good,1
33,130657,353,390535,830644,36,2,Salaried,1,Good,1
46,81630,686,234907,944370,36,4,Self-Employed,18,Good,1
42,119428,564,338092,964105,60,1,Salaried,8,Average,1
59,137035,514,480106,543496,36,3,Salaried,9,Good,1
22,141244,759,334024,884760,60,3,Business,20,Poor,1
58,84518,757,57560,520917,48,0,Salaried,18,Good,1
59,96326,342,377207,270172,60,2,Salaried,4,Good,0
46,135243,577,499407,75301,36,1,Salaried,13,Good,1
35,27748,429,214601,619051,12,0,Self-Employed,9,Average,0
54,149164,649,356362,201837,60,2,Salaried,15,Average,0
60,68311,843,376606,881219,24,3,Salaried,5,Poor,1
31,37692,405,159487,957107,12,1,Salaried,7,Good,0
23,139954,300,457739,57425,60,4,Salaried,1,Good,1
26,145035,731,412539,325001,24,3,Salaried,17,Average,1
29,94507,605,184286,233843,12,4,Salaried,20,Average,0
26,95152,826,280141,405143,60,4,Salaried,20,Poor,1
29,19926,352,121266,465660,48,1,Salaried,20,Good,0
59,18969,819,450219,833849,24,1,Business,19,Average,0
51,50733,629,3679,615745,48,4,Business,7,Good,1
52,84855,624,488241,545496,36,0,Business,4,Good,0
32,56743,413,40308,785101,60,4,Salaried,16,Good,1
28,145193,446,206096,443920,60,4,Unemployed,15,Average,0
28,122445,465,170914,579740,24,1,Salaried,4,Average,1
48,35323,678,458624,161153,60,2,Unemployed,16,Good,1
40,31428,438,462748,875294,36,3,Salaried,3,Good,0
27,49578,598,447154,242543,60,1,Salaried,0,Good,0
31,101486,575,5695,529274,12,0,Salaried,5,Good,1
40,79140,477,226812,330444,48,3,Salaried,0,Good,1
36,122325,653,58499,977070,36,1,Business,3,Good,1
24,98829,453,23382,450717,36,1,Business,1,Average,0
26,21364,500,276379,51845,48,2,Unemployed,12,Good,0
42,143867,414,193295,169342,48,0,Self-Employed,13,Good,1
46,146763,367,133438,875613,36,0,Salaried,16,Poor,1
23,110598,744,158539,500479,48,1,Salaried,10,Good,1
34,72062,744,452532,811654,24,2,Unemployed,2,Average,1
31,103302,625,374612,813292,48,1,Self-Employed,6,Good,1
38,78928,658,6764,768398,12,4,Business,9,Poor,1
32,56347,444,221968,298850,12,4,Salaried,10,Good,1
43,18121,574,113831,788650,24,2,Self-Employed,9,Average,0
32,98793,808,61836,297688,48,1,Unemployed,7,Good,1
33,43164,478,294067,608692,12,2,Salaried,4,Poor,1
45,40491,776,255033,596852,60,1,Salaried,1,Good,1
39,74222,713,357855,672186,48,1,Salaried,14,Good,1
56,18748,452,16292,330371,24,4,Business,15,Good,1
28,41553,403,387057,570919,48,3,Salaried,3,Poor,1
49,131547,374,394830,145259,36,0,Salaried,15,Average,0
52,75380,427,283083,174451,36,0,Salaried,11,Good,0
38,59331,644,243772,490691,12,2,Self-Employed,13,Good,1
26,135617,830,18800,67215,36,0,Salaried,11,Good,1
38,54560,458,56440,180577,24,4,Salaried,20,Good,1
39,68865,837,416462,832680,12,3,Unemployed,15,Good,1
42,90910,725,127521,121074,24,1,Unemployed,15,Poor,1
57,92986,322,446021,989203,24,1,Salaried,11,Average,1
52,25068,346,121327,682909,36,4,Business,1,Poor,0
23,69460,824,49648,979958,36,0,Self-Employed,13,Good,1
48,115766,443,377336,753577,24,1,Salaried,10,Average,1
30,61418,718,450067,156759,36,0,Salaried,8,Good,1
55,41206,384,424904,178471,36,4,Salaried,6,Good,1
49,143180,715,355642,858143,36,1,Salaried,11,Good,1
35,15287,781,291908,458275,48,2,Salaried,16,Good,1
53,37337,755,294614,622686,24,3,Business,8,Poor,1
27,147233,596,256160,837718,60,0,Salaried,5,Good,1
32,115667,411,169573,215369,24,0,Self-Employed,11,Average,0
50,105071,529,57207,682592,12,0,Salaried,19,Average,1
41,113064,395,62157,154959,36,0,Self-Employed,9,Good,1
51,121511,677,134288,289317,36,4,Salaried,8,Good,1
44,18178,455,153144,731845,60,4,Self-Employed,11,Good,0
40,46831,720,93778,372111,12,4,Business,0,Good,1
57,148248,404,130016,934235,48,4,Business,1,Average,0
24,118306,629,124288,179745,24,1,Salaried,18,Poor,1
48,127025,738,168204,104583,48,4,Self-Employed,0,Good,1
40,105417,431,110573,698365,12,1,Unemployed,15,Poor,1
44,26984,681,120730,494846,60,2,Self-Employed,15,Good,1
52,104312,437,411077,161359,12,4,Salaried,17,Good,1
56,98291,569,64186,601374,60,2,Self-Employed,17,Good,1
54,22135,849,267104,721844,48,4,Salaried,12,Good,0
56,15320,695,18781,773983,48,2,Business,11,Good,1
22,103774,763,237677,678420,12,3,Self-Employed,8,Good,1
35,113071,749,257506,565329,12,2,Salaried,4,Good,1
54,124863,630,31126,109263,36,1,Salaried,8,Good,1
56,56777,552,238217,724035,60,0,Salaried,12,Good,1
26,61250,584,415794,956587,36,2,Unemployed,15,Good,0
59,88034,573,368178,110664,24,0,Salaried,9,Good,1
32,119940,319,280027,467896,24,3,Salaried,15,Good,1
23,55130,538,29782,984581,12,3,Unemployed,13,Average,0
38,148609,569,318531,956906,48,1,Salaried,1,Good,1
60,30216,717,148051,389112,24,1,Salaried,18,Good,1
41,99149,609,295890,970995,24,2,Self-Employed,10,Average,0
35,18009,330,261161,751486,36,4,Salaried,18,Good,0
53,104904,403,66266,817018,36,3,Salaried,10,Average,1
55,30029,485,56,446608,24,0,Salaried,13,Good,1
46,117171,427,293601,505473,12,4,Self-Employed,14,Good,1
28,129456,509,395459,117804,36,3,Unemployed,6,Good,1
56,77559,713,448247,874832,24,2,Salaried,14,Good,1
50,79892,580,132773,479767,48,3,Salaried,7,Average,1
43,85409,552,187453,864520,36,1,Salaried,3,Good,1
34,48065,318,181510,261087,24,0,Business,17,Poor,0
34,135544,435,335983,992969,60,0,Salaried,13,Good,0
22,122340,522,80636,491371,36,1,Business,20,Poor,1
57,48783,302,369841,137893,60,4,Salaried,17,Good,1
25,49152,535,66483,842401,36,1,Unemployed,3,Good,1
58,73741,764,20505,58981,36,0,Self-Employed,1,Good,1
34,122049,527,399769,464248,60,2,Self-Employed,20,Good,1
59,44092,798,33525,366235,12,4,Salaried,5,Average,1
45,101483,820,211474,157154,24,3,Business,10,Good,1
40,136585,438,96008,336552,12,2,Salaried,0,Average,0
22,74754,575,44348,729601,12,4,Salaried,14,Good,1
59,102592,590,202259,884372,24,0,Salaried,11,Average,1
26,109543,352,269417,526154,48,0,Business,17,Good,1
37,58169,409,326380,756465,12,2,Business,4,Average,1
45,69745,303,206641,242122,12,4,Self-Employed,10,Good,1
48,125168,346,134607,53657,12,3,Self-Employed,20,Poor,1
22,128985,393,411893,857662,48,3,Salaried,18,Poor,0
55,20543,512,214096,986184,36,1,Business,0,Poor,0
57,36067,735,107157,263766,60,2,Business,16,Good,1
25,66033,807,908,659019,60,4,Self-Employed,7,Good,1
21,60256,504,252299,223412,48,2,Salaried,15,Good,1
60,101803,680,201225,741310,12,3,Unemployed,10,Poor,1
32,133843,372,108352,713227,60,4,Business,18,Poor,1
56,43992,815,95967,783902,48,0,Self-Employed,10,Good,1
43,63803,375,351133,54329,24,0,Salaried,14,Good,1
51,124975,376,35079,348009,60,4,Self-Employed,7,Poor,1
31,41270,709,212628,772300,24,2,Self-Employed,13,Good,1
30,22452,405,111889,569897,12,2,Salaried,0,Good,0
23,56486,850,262063,87869,60,0,Salaried,9,Poor,1
34,29859,775,311467,247977,48,0,Salaried,6,Average,1
36,47083,574,438536,956617,36,3,Self-Employed,17,Poor,0
30,82708,387,485314,548185,60,4,Salaried,11,Good,0
49,126462,376,352053,133984,60,2,Salaried,1,Good,1
30,108076,376,46105,961604,60,3,Business,17,Average,1
32,34053,741,423380,151069,60,2,Self-Employed,20,Good,1
50,104745,839,132957,298577,48,0,Salaried,6,Good,1
21,84517,544,451035,926143,48,4,Salaried,19,Poor,0
25,94267,681,1049,378396,36,1,Business,11,Poor,1
40,95077,441,53281,391530,48,4,Business,19,Good,1
28,91623,667,305415,168728,48,1,Salaried,13,Good,1
32,146004,383,66697,573846,12,3,Unemployed,9,Good,1
21,68687,442,459567,969215,12,1,Salaried,8,Good,1
40,83312,651,36534,75801,24,1,Unemployed,14,Good,1
48,122615,844,93034,792647,36,3,Salaried,19,Good,1
57,145976,451,58097,809925,12,4,Salaried,9,Good,1
57,42564,457,184885,664997,36,3,Salaried,18,Poor,0
32,43835,745,287181,365414,36,0,Salaried,18,Good,1
57,22697,602,429223,514838,60,0,Self-Employed,11,Good,0
48,95165,749,472694,891967,36,1,Business,11,Average,1
35,72823,523,27278,305560,60,3,Business,8,Good,1
26,24615,342,139344,818026,24,3,Salaried,19,Poor,0
40,145499,563,450399,782119,24,3,Salaried,3,Average,1
34,91436,302,361317,66220,24,4,Salaried,0,Poor,1
22,135562,567,300438,325536,60,2,Salaried,15,Good,1
29,86117,315,73277,528803,60,2,Self-Employed,0,Good,1
57,49782,633,455725,445462,24,2,Salaried,12,Good,1
40,93533,763,4694,332154,60,4,Business,2,Poor,1
46,87684,358,489058,176951,48,3,Self-Employed,11,Good,1
49,94558,476,58150,380502,48,2,Salaried,8,Good,1
21,96422,362,67470,533419,60,3,Self-Employed,3,Average,1
55,21638,606,21556,198306,60,1,Salaried,1,Good,1
26,52419,545,195543,932622,12,2,Salaried,8,Average,1
57,48377,588,443071,690083,12,1,Business,19,Poor,0
25,121244,631,49086,492667,36,4,Salaried,12,Poor,1
53,38382,826,149979,959222,36,0,Salaried,13,Good,1
34,82789,554,248399,175223,36,4,Business,2,Good,1
32,125634,809,464911,572886,24,4,Salaried,17,Good,1
40,146936,762,179559,649493,48,4,Business,8,Good,1
44,114572,498,422374,465000,24,2,Salaried,14,Average,1
54,138664,570,413509,997176,60,1,Salaried,9,Average,1
45,125674,363,438977,51082,12,2,Business,16,Average,1
49,118533,529,99468,454364,60,0,Business,12,Good,1
59,96845,548,295531,208566,60,4,Salaried,0,Average,0
51,84590,545,433966,911525,12,3,Salaried,10,Good,1
43,142775,456,68602,364096,60,0,Business,4,Good,1
58,81471,387,414472,86719,36,1,Salaried,8,Average,0
40,58298,612,493857,98737,12,0,Self-Employed,6,Good,1
43,63924,365,398810,502669,60,2,Business,6,Average,1
36,24726,319,2460,157271,36,3,Self-Employed,1,Good,0
28,55542,332,72356,744896,36,2,Business,18,Good,1
41,49753,372,316842,231676,48,4,Business,19,Good,1
21,94788,642,259925,494049,36,4,Self-Employed,17,Average,1
28,36316,432,363890,981543,24,0,Business,9,Good,1
49,99698,354,16191,642127,12,4,Self-Employed,4,Average,0
52,30960,360,84631,884363,12,4,Salaried,15,Average,1
58,45791,819,245702,352069,12,1,Salaried,4,Good,1
25,40216,571,272673,232075,60,1,Business,14,Poor,1
42,79427,545,32175,492113,60,2,Business,15,Poor,1
54,127470,475,279819,137745,24,2,Salaried,3,Poor,0
21,88290,616,436374,176298,36,1,Salaried,13,Average,0
46,62014,430,308942,667997,60,0,Unemployed,16,Good,0
30,65519,401,333054,354431,36,1,Self-Employed,16,Good,1
50,19042,609,392544,796086,36,2,Salaried,20,Average,0
38,64052,591,157048,476228,60,3,Self-Employed,15,Good,1
37,29389,794,194188,681540,60,4,Unemployed,8,Average,0
46,110961,660,340822,747143,24,3,Business,1,Good,1
28,83111,637,62821,421467,48,3,Business,10,Good,1
60,120058,309,12204,511531,12,4,Salaried,14,Good,1
32,108715,348,448881,789126,60,1,Business,2,Good,1
47,65733,786,269538,489707,60,0,Self-Employed,15,Good,1
28,49754,620,246464,270013,36,3,Business,20,Poor,1
45,100886,432,326958,501800,48,0,Salaried,18,Good,0
24,104524,382,33593,849235,60,2,Salaried,5,Good,1
53,96006,356,435180,230697,48,3,Salaried,13,Good,0
21,39704,675,208260,693107,12,2,Salaried,4,Good,1
39,109913,648,115064,929793,36,1,Business,4,Good,1
51,109108,570,492492,63698,24,3,Unemployed,5,Average,0
36,22493,782,53365,65376,12,2,Self-Employed,17,Average,0
34,84639,410,240644,526870,48,2,Business,17,Poor,1
25,69383,375,393659,325261,48,1,Salaried,18,Good,1
46,149066,457,220511,286591,12,0,Business,1,Good,1
48,62234,831,492274,481172,48,0,Business,16,Average,1
22,143674,628,421396,98786,24,3,Business,0,Good,0
26,20594,421,442007,687293,24,1,Self-Employed,8,Good,0
29,22371,340,479871,268850,48,3,Self-Employed,12,Average,0
53,62315,466,206971,378624,48,0,Business,3,Average,1
45,142251,322,436881,737055,24,1,Salaried,4,Good,1
33,94526,578,103700,969015,48,4,Business,17,Good,1
29,101005,768,359221,889665,60,1,Unemployed,9,Good,1
33,120573,699,396681,423166,36,1,Salaried,3,Good,1
51,72514,308,68247,465718,60,4,Business,12,Good,1
31,90986,312,182631,493226,48,2,Business,12,Good,1
24,100959,351,156270,142529,48,2,Self-Employed,16,Good,1
54,17035,508,316884,517121,36,2,Self-Employed,7,Average,0
58,124767,849,153560,815784,48,0,Business,3,Average,1
24,32241,701,169587,489705,36,1,Salaried,2,Average,1
58,67975,490,482360,675207,24,4,Salaried,10,Good,1
39,71396,350,290042,919965,36,0,Business,11,Good,1
26,133920,692,395135,524381,36,4,Self-Employed,8,Good,1
54,101226,599,181142,999453,60,0,Business,14,Good,1
38,99719,495,62613,522803,48,0,Salaried,12,Poor,1
33,78014,716,96707,536275,24,0,Salaried,4,Average,1
43,54346,719,373921,772670,12,4,Unemployed,4,Good,1
39,85411,821,479351,259870,36,3,Salaried,18,Good,1
31,91441,655,475717,643695,12,0,Business,10,Good,1
21,61121,447,47003,648097,48,2,Business,8,Good,1
44,75197,664,48478,329373,36,1,Business,2,Good,1
27,99577,663,407650,994889,12,3,Salaried,17,Good,1
45,109634,701,439462,616464,60,3,Self-Employed,12,Good,1
41,115211,791,429865,669113,12,4,Business,11,Good,1
35,16466,528,59030,970764,60,3,Salaried,8,Average,0
21,45771,836,184133,147555,24,4,Salaried,9,Good,1
32,98886,567,395215,577433,48,4,Salaried,12,Average,0
27,80911,704,145921,147289,12,2,Salaried,19,Good,1
35,103422,310,469655,713162,36,0,Business,19,Average,0
41,88369,619,246160,838695,48,3,Business,12,Good,1
39,16893,425,314944,470129,12,0,Unemployed,8,Good,0
49,45573,605,267589,107788,36,0,Self-Employed,9,Good,0
45,111907,810,494148,713515,36,0,Business,18,Good,1
53,114956,388,149112,706282,36,4,Salaried,5,Good,1
52,133580,654,457531,777591,36,0,Self-Employed,6,Good,1
55,106404,651,262390,201744,12,3,Self-Employed,14,Average,1
58,72724,313,31153,219598,24,4,Unemployed,18,Good,1
46,101133,556,267356,881776,60,3,Business,13,Good,1
31,30989,508,134411,959251,60,4,Unemployed,15,Good,1
55,43931,580,481894,462230,60,1,Business,13,Good,1
28,24290,742,56238,647640,24,1,Business,19,Poor,0
34,136136,688,412610,534495,36,1,Salaried,1,Poor,1
30,94878,782,316015,352468,36,1,Business,8,Good,1
22,105477,446,362816,557745,48,4,Self-Employed,2,Good,1
29,141299,578,470938,930507,60,0,Salaried,5,Average,0
23,120686,820,296751,276710,60,2,Salaried,4,Good,1
41,122286,733,52055,744058,36,2,Self-Employed,13,Average,1
46,55475,443,104509,913601,60,1,Salaried,14,Poor,1
28,97666,588,135467,859816,36,0,Salaried,17,Average,1
22,111622,685,127378,577800,36,3,Self-Employed,16,Good,1
26,122573,313,408506,973570,36,0,Unemployed,8,Average,0
48,61546,556,87687,736860,12,3,Business,18,Poor,0
49,22008,645,327222,173775,12,2,Salaried,8,Average,0
46,63291,644,396907,128743,12,0,Salaried,15,Good,1
45,51386,699,400686,397786,12,0,Salaried,5,Poor,1
32,105909,506,397057,441731,24,2,Salaried,7,Poor,0
25,48040,471,102652,654146,48,0,Salaried,2,Poor,1
54,75354,763,325341,629088,48,3,Unemployed,4,Good,1
57,93543,569,55773,506356,36,0,Self-Employed,6,Average,1
35,33157,520,410992,674652,60,3,Salaried,0,Average,0
56,50315,451,202668,555533,12,1,Salaried,20,Good,1
35,50932,482,381087,314531,48,0,Self-Employed,3,Good,1
43,128880,698,27584,237232,48,3,Self-Employed,15,Average,1
26,147018,371,244901,778927,12,2,Salaried,13,Poor,0
41,29693,717,397516,182871,24,1,Unemployed,0,Poor,0
43,42241,582,265482,169095,24,0,Salaried,3,Good,1
36,130194,373,62601,609836,48,3,Salaried,9,Good,1
35,110790,654,136559,140450,24,0,Salaried,10,Good,1
45,87255,796,36282,679957,12,3,Self-Employed,6,Poor,1
56,26350,627,226137,916603,48,0,Salaried,3,Good,0
31,71809,834,377591,483595,12,1,Salaried,0,Average,0
35,116894,746,95798,357558,24,1,Salaried,0,Average,1
24,112557,672,130963,647359,12,0,Self-Employed,16,Poor,1
41,46728,661,470032,687096,24,0,Salaried,9,Good,1
33,32576,392,370755,550884,24,4,Salaried,4,Average,1
42,98384,620,159876,128591,12,0,Salaried,6,Poor,1
39,15390,623,140987,798501,24,0,Salaried,7,Average,0
54,60436,683,273302,316441,36,1,Self-Employed,1,Good,1
34,26569,645,205229,683801,12,0,Salaried,8,Good,0
24,37490,402,10547,965100,36,2,Salaried,3,Average,1
47,60875,514,350857,922911,12,0,Self-Employed,11,Good,1
49,20867,491,264603,148752,24,4,Salaried,10,Average,0
48,95820,493,421984,186080,24,3,Salaried,4,Average,1
55,114515,679,63146,267885,48,1,Salaried,11,Poor,1
28,24121,702,365721,427625,48,2,Unemployed,20,Good,1
36,16539,310,444086,197892,36,3,Business,3,Average,0
56,142402,486,107761,514764,24,2,Business,12,Good,1
50,89229,314,365871,203325,48,1,Business,0,Good,0
38,65435,596,312604,472418,24,4,Unemployed,17,Good,1
22,78965,710,82970,996740,12,1,Business,3,Average,1
33,126048,351,191889,641444,48,2,Self-Employed,3,Average,1
24,111444,327,169319,817248,36,2,Salaried,7,Good,1
46,84922,316,15419,110263,48,1,Salaried,19,Good,1
45,112799,650,493769,955428,24,0,Self-Employed,5,Average,1
50,108948,727,35577,673540,60,1,Unemployed,3,Average,1
31,23947,528,2921,168632,60,4,Salaried,3,Average,0
27,63785,509,397892,911287,24,1,Business,10,Poor,1
51,134963,730,479177,66575,12,3,Salaried,8,Poor,1
30,15507,593,493937,324348,48,0,Salaried,13,Good,0
59,26618,403,442900,61952,60,3,Salaried,3,Good,0
33,89286,503,144535,569826,12,1,Self-Employed,12,Good,1
51,31122,352,156546,133323,24,0,Salaried,5,Average,0
27,124598,674,303079,756502,12,3,Business,12,Good,1
56,101436,353,125534,214944,24,3,Business,2,Average,1
40,43633,575,460221,734736,48,0,Business,6,Good,1
24,39495,634,256872,771444,12,0,Salaried,0,Poor,0
27,79550,330,451812,192712,48,2,Business,10,Average,0
21,51483,434,72828,338581,12,0,Salaried,1,Good,1
33,128181,357,123649,177129,24,1,Salaried,4,Good,1
42,49069,404,484161,924113,24,4,Business,13,Good,1
41,134873,565,351206,828810,12,2,Salaried,12,Average,0
42,131843,821,55152,582191,24,0,Salaried,15,Average,1
48,86947,795,220073,264776,36,4,Salaried,14,Average,1
29,110761,552,358635,601151,36,2,Business,2,Good,1
46,128753,594,223393,355525,48,1,Salaried,5,Good,1
29,146764,457,86569,864980,36,4,Self-Employed,8,Good,1
35,43926,848,334611,493172,36,0,Self-Employed,2,Good,1
30,114782,366,445792,585755,60,0,Business,12,Good,1
44,119700,598,459843,370098,60,1,Business,12,Good,1
28,88984,762,156844,336045,60,2,Salaried,6,Good,1
44,64593,400,409579,859733,60,4,Salaried,4,Average,0
36,90609,355,159562,961118,24,1,Salaried,7,Poor,0
46,20209,631,452220,807902,48,2,Salaried,7,Good,0
47,141700,692,122537,921612,48,3,Business,6,Average,1
57,101597,680,53806,644191,36,3,Salaried,18,Good,1
24,22211,391,393476,416099,48,2,Salaried,6,Good,1
44,24927,746,75992,983708,36,0,Business,3,Poor,0
39,132333,408,284464,594043,48,0,Self-Employed,9,Good,1
56,91382,616,341115,371961,12,3,Business,12,Good,1
59,118780,467,258852,838525,12,0,Business,3,Good,1
30,55696,734,173217,306094,48,0,Business,18,Good,1
45,82616,741,194760,512753,24,2,Self-Employed,9,Average,1
38,65013,517,310725,932751,36,2,Salaried,6,Good,1
39,64556,521,485777,335084,48,0,Unemployed,4,Good,0
56,138723,827,355789,749400,36,2,Self-Employed,2,Poor,1
30,41140,577,20754,703002,60,4,Salaried,1,Good,1
53,16184,765,69837,141544,48,3,Salaried,10,Good,1
25,126361,329,138279,658725,24,4,Self-Employed,9,Poor,1
55,20606,658,421136,405113,60,4,Unemployed,12,Good,1
54,31555,587,218811,157001,48,0,Salaried,6,Poor,0
53,105385,385,385890,137725,12,0,Salaried,9,Poor,0
41,73502,533,114780,427928,48,4,Business,3,Good,1
37,118844,612,87081,160675,12,4,Unemployed,19,Good,1
42,106321,664,286160,144266,12,1,Salaried,15,Good,1
57,64056,568,489850,321380,48,1,Salaried,19,Poor,0
35,113234,430,322666,909029,48,3,Self-Employed,5,Good,1
55,56850,650,383040,265196,12,4,Salaried,8,Average,1
48,42843,479,467308,184974,36,2,Business,12,Poor,1
27,77320,779,447284,673944,60,1,Salaried,6,Average,1
52,44793,462,112099,346508,24,0,Salaried,17,Poor,1
31,34627,395,151174,681359,48,4,Salaried,13,Average,1
30,76822,809,366573,406554,60,2,Salaried,4,Poor,1
29,70798,664,264068,201168,60,2,Salaried,12,Good,1
34,90318,652,85015,193092,36,2,Salaried,7,Average,1
33,119186,735,104987,632761,60,0,Business,14,Average,1
45,102902,382,54333,291472,48,1,Salaried,18,Good,1
22,86334,524,215530,356297,60,2,Unemployed,8,Good,1
55,121719,711,477412,222349,48,1,Salaried,5,Average,1
27,138099,417,177171,350646,48,3,Self-Employed,13,Good,1
41,27720,781,188418,65675,12,0,Salaried,9,Good,1
38,72608,491,126372,991869,36,1,Salaried,8,Good,1
23,122449,406,206553,168384,24,1,Self-Employed,16,Poor,1
59,117828,681,443278,128229,12,2,Self-Employed,12,Good,1
31,141613,689,393522,663337,24,2,Business,16,Average,1
59,87095,543,350639,757508,48,0,Business,18,Good,1
44,120924,767,69767,401301,12,1,Self-Employed,12,Good,1
39,111452,837,104332,270319,60,4,Salaried,8,Good,1
24,102593,509,143279,679999,60,2,Business,0,Average,1
46,121975,372,301570,684378,24,2,Self-Employed,0,Average,0
58,92242,608,6336,929753,48,3,Unemployed,4,Average,1
52,131041,485,374344,776262,24,0,Business,7,Average,1
59,141202,552,206238,862897,36,1,Salaried,17,Good,1
56,92606,312,279400,868718,60,1,Salaried,3,Average,1
60,138769,598,230517,104795,12,1,Self-Employed,0,Good,1
57,133542,375,180889,420283,12,2,Business,14,Good,1
53,121438,350,499920,784543,12,0,Self-Employed,19,Poor,1
56,15924,448,295863,153845,60,1,Business,3,Poor,0
23,66322,421,304161,362130,48,4,Salaried,8,Good,0
29,86042,510,45704,387540,60,3,Salaried,19,Poor,1
28,61418,579,292157,891610,60,3,Salaried,9,Average,1
53,115699,837,342135,847177,12,1,Self-Employed,14,Good,1
26,105140,455,332402,828520,60,2,Self-Employed,2,Good,0
59,26781,537,340492,303730,12,3,Salaried,1,Poor,0
24,132358,675,226884,253426,48,3,Self-Employed,4,Average,1
33,51133,381,167848,916069,36,3,Salaried,0,Good,1
22,112628,791,272204,972532,12,3,Salaried,10,Average,1
25,91946,655,471808,279333,24,1,Business,11,Good,1
47,100058,572,399871,622854,36,0,Salaried,2,Good,1
52,58129,343,219182,880154,48,0,Self-Employed,15,Average,1
41,23531,422,312067,923055,36,2,Business,13,Good,0
28,52038,648,78563,423218,12,4,Business,11,Average,0
58,102939,629,135102,649262,48,0,Salaried,19,Poor,0
28,57674,708,89779,526908,24,4,Salaried,15,Poor,1
23,142572,622,164361,396228,12,0,Business,20,Average,0
23,44831,410,412955,220951,12,0,Business,7,Poor,1
42,72174,388,99704,467983,48,2,Business,16,Poor,1
26,26279,732,261757,298595,48,3,Salaried,16,Good,1
22,75610,398,391301,953785,36,2,Salaried,6,Poor,1
43,68051,838,110234,678705,24,0,Self-Employed,14,Good,1
22,71652,445,323831,904531,36,3,Business,8,Good,1
58,80524,556,36491,229729,36,3,Salaried,3,Average,1
37,21470,488,226621,189570,12,3,Salaried,7,Good,0
55,68473,539,334259,254739,48,4,Business,9,Good,0
54,59439,802,380079,337251,12,0,Salaried,14,Average,1
43,29308,570,345922,734153,24,1,Salaried,17,Good,0
50,106563,819,397997,970200,36,2,Salaried,13,Poor,1
28,50081,849,20448,890271,24,4,Salaried,4,Good,1
42,24837,413,313694,663529,48,2,Self-Employed,8,Poor,0
56,133128,638,49294,597685,48,1,Salaried,12,Good,1
25,127651,658,283590,581992,60,3,Salaried,18,Average,1
33,112624,633,338723,852874,24,1,Salaried,10,Good,1
49,45063,468,216461,769148,12,2,Salaried,11,Average,0
51,84453,638,376823,179576,24,1,Self-Employed,2,Good,1
36,117166,560,85615,59765,36,0,Salaried,1,Good,1
50,29506,498,17101,427972,48,1,Self-Employed,14,Good,1
36,128604,510,459394,60002,48,0,Salaried,4,Good,1
32,41026,586,290160,834141,24,1,Salaried,6,Poor,0
37,67413,771,150004,847822,24,0,Salaried,3,Good,1
36,80066,781,437869,225508,24,0,Salaried,4,Average,1
32,65971,322,90481,308446,36,1,Self-Employed,15,Average,0
28,128978,408,52802,527698,36,4,Salaried,14,Good,1
40,65494,595,269693,295620,12,3,Business,15,Good,0
23,118864,305,210005,580929,24,3,Salaried,3,Good,1
36,147151,849,156434,476925,12,3,Salaried,5,Good,1
50,110386,502,47842,161119,60,0,Salaried,17,Good,1
43,101126,624,46539,482525,36,3,Business,2,Good,1
48,95863,543,33717,327768,48,0,Salaried,4,Good,1
60,93291,626,447812,59966,60,4,Salaried,1,Average,0
25,140659,346,246281,270422,48,1,Salaried,15,Average,1
40,22235,312,416232,215261,60,1,Salaried,5,Average,0
60,97733,679,186272,121301,12,0,Unemployed,14,Good,1
21,77712,664,473484,689411,12,0,Self-Employed,17,Good,1
50,140849,641,453503,460439,36,4,Business,5,Good,1
41,94823,520,115042,545521,48,3,Self-Employed,12,Good,1
40,119215,372,127922,390327,60,4,Self-Employed,12,Good,1
26,47230,345,92447,808912,24,1,Salaried,0,Poor,1
42,99573,803,345546,54959,24,1,Self-Employed,15,Good,1
38,55644,573,304751,994761,36,3,Salaried,3,Good,0
28,60203,507,158693,362946,48,1,Salaried,16,Average,1
59,81677,423,12823,698413,24,0,Self-Employed,17,Average,1
52,138246,309,29986,435939,36,1,Business,15,Good,1
53,99817,628,121682,77215,36,2,Self-Employed,0,Good,1
36,84806,486,64325,105046,48,3,Self-Employed,5,Poor,1
32,57814,842,390069,807553,24,3,Salaried,10,Good,1
58,85219,359,250476,406737,24,3,Salaried,5,Average,0
54,110345,741,57771,477310,24,2,Salaried,16,Poor,1
34,115088,516,54973,744029,12,4,Business,3,Poor,1
56,84322,301,145762,217198,24,0,Unemployed,13,Good,0
53,36650,835,301251,391180,60,3,Salaried,13,Good,1
43,109242,655,57888,946296,12,1,Salaried,19,Good,1
22,53196,464,10956,694621,12,0,Salaried,7,Good,1
41,44709,390,86839,591060,12,1,Business,1,Average,0
22,95428,466,449443,626231,12,0,Self-Employed,4,Poor,1
47,24943,506,167605,381012,36,0,Salaried,3,Good,0
29,36042,581,488426,361999,60,1,Unemployed,9,Good,1
21,58894,364,449450,727578,48,1,Business,19,Good,1
31,71759,815,101131,675412,24,0,Salaried,20,Good,1
23,120973,456,329738,369349,12,3,Unemployed,2,Good,0
43,59306,605,187973,710319,48,1,Salaried,15,Good,1
46,123369,694,11519,264051,36,2,Salaried,9,Average,1
24,43379,373,162187,488350,48,2,Salaried,14,Good,1
38,135667,486,459482,600162,12,0,Business,3,Good,1
26,149034,636,1832,705295,60,4,Self-Employed,0,Good,1
55,132626,539,434584,575589,48,0,Salaried,14,Good,1
42,140180,832,481641,370161,12,0,Unemployed,9,Good,1
35,67349,440,113922,617607,12,3,Salaried,19,Poor,0
42,20730,564,105474,794976,24,3,Business,17,Poor,0
57,34023,438,69715,267291,24,4,Self-Employed,15,Good,1
32,141796,758,333979,334599,60,4,Salaried,20,Average,1
58,96533,369,73366,709472,24,4,Salaried,8,Good,1
38,98286,684,37570,369177,60,4,Business,18,Good,1
55,56979,497,481193,554283,36,4,Salaried,16,Average,0
50,37837,504,137687,553294,36,0,Self-Employed,9,Good,1
44,119975,730,465514,239432,24,0,Self-Employed,18,Good,1
50,35923,624,38311,525634,36,2,Business,7,Good,1
34,23876,741,352389,999649,48,2,Salaried,18,Good,1
26,75973,587,103187,419068,48,1,Salaried,4,Good,1
23,148959,525,285578,82735,48,0,Salaried,1,Good,1
36,57422,363,86879,909213,36,4,Business,14,Good,1
27,66413,797,15739,291207,48,1,Salaried,16,Average,1
34,117484,359,66202,962463,60,3,Salaried,9,Good,1
29,148913,696,98580,178305,12,0,Unemployed,20,Good,1
35,43756,556,224491,773001,24,2,Business,20,Good,1
41,86576,538,79599,682337,60,0,Salaried,1,Poor,0
55,133248,337,164721,464927,48,0,Unemployed,8,Good,1
22,25304,324,231436,317774,12,0,Self-Employed,1,Poor,0
47,45341,709,440661,115488,24,0,Salaried,17,Good,1
22,142039,760,116770,184278,60,3,Salaried,11,Poor,1
55,147447,716,301614,572059,24,2,Self-Employed,14,Good,1
38,114485,656,337109,892721,36,0,Business,20,Good,1
34,37092,682,387476,331097,48,3,Salaried,19,Good,1
40,146562,457,179693,413076,60,1,Salaried,5,Good,1
38,18729,732,391825,715428,60,0,Salaried,17,Average,0
30,133222,347,426142,308946,12,3,Self-Employed,12,Good,1
45,100216,627,261051,128930,12,4,Salaried,3,Good,0
22,98860,732,114300,236988,12,1,Salaried,11,Average,1
45,111870,730,300141,313211,24,2,Self-Employed,8,Poor,1
53,36398,355,191012,362802,48,0,Business,1,Poor,0
56,49650,567,171796,626453,24,0,Self-Employed,15,Good,1
51,118889,368,359949,392925,48,3,Salaried,0,Good,0
34,18159,748,162776,190931,60,2,Salaried,3,Good,1
21,113162,556,384346,603452,24,4,Salaried,14,Average,0
36,117834,789,421607,154946,24,1,Unemployed,19,Average,1
23,36638,348,456507,261985,24,2,Business,0,Poor,0
55,16073,615,482939,964012,36,0,Salaried,19,Good,0
26,44320,712,241942,807730,48,3,Salaried,14,Poor,1
45,49924,733,2526,411395,48,4,Self-Employed,2,Average,1
33,83116,301,417902,595061,24,3,Self-Employed,12,Good,1
54,17159,444,335483,500511,36,1,Salaried,17,Average,0
28,63940,665,491420,608227,24,2,Business,12,Good,1
41,94436,719,268718,973618,48,3,Business,9,Average,1
54,29678,743,270877,934907,60,3,Self-Employed,19,Poor,0
24,82163,733,312434,301442,36,0,Business,6,Good,1
45,66137,356,334937,324962,36,3,Business,7,Average,0
35,76497,477,36051,321479,24,4,Business,0,Good,1
24,115485,592,15909,551571,60,2,Unemployed,17,Average,0
32,120468,345,482898,367152,48,1,Salaried,11,Average,1
52,15901,469,77338,646033,12,3,Salaried,17,Poor,0
52,102980,570,335576,748508,48,4,Business,11,Average,0
48,122594,716,290277,306445,48,1,Business,19,Good,1
33,17881,438,182643,315721,60,4,Unemployed,8,Good,0
51,44863,546,79062,123916,36,3,Salaried,1,Average,0
34,147450,447,181980,709436,48,3,Self-Employed,13,Good,1
40,60201,529,404494,476141,36,2,Salaried,3,Average,0
38,74251,673,373690,109314,60,0,Self-Employed,14,Good,1
49,87572,379,51458,877637,60,4,Salaried,16,Poor,0
26,54255,364,457481,454311,24,0,Salaried,18,Good,1
52,78212,387,449998,687871,12,0,Salaried,5,Poor,1
49,65210,387,317559,659003,60,1,Self-Employed,8,Average,1
22,140629,503,222159,286576,60,1,Salaried,16,Good,1
43,37499,681,316304,106680,36,4,Salaried,14,Good,1
39,117552,775,316543,78400,60,0,Salaried,4,Poor,1
51,76360,838,287442,556367,48,2,Salaried,17,Average,1
25,142466,513,231946,681633,24,0,Unemployed,3,Good,1
39,100473,373,153263,772706,24,1,Salaried,20,Poor,0
54,106873,360,450180,137110,48,0,Salaried,1,Good,0
30,80756,842,164164,694408,60,3,Business,18,Good,1
45,71344,518,89407,340706,12,3,Self-Employed,4,Average,0
22,86154,311,206329,68510,60,2,Business,3,Good,1
31,42464,714,497165,635896,24,4,Self-Employed,4,Good,1
51,136897,331,62513,515705,12,0,Unemployed,18,Average,0
35,52344,459,313241,364326,36,3,Salaried,12,Average,0
29,98791,536,423495,809987,36,4,Unemployed,15,Good,0
43,147534,480,145476,601171,60,3,Business,11,Average,1
39,135209,640,463238,547125,60,4,Self-Employed,8,Good,1
29,96441,757,35198,776787,12,4,Self-Employed,15,Good,1
55,105456,379,225295,741204,12,3,Self-Employed,13,Average,1
41,96788,772,312141,986232,60,1,Salaried,0,Good,1
29,29175,411,471908,804283,24,4,Salaried,19,Average,0
48,98434,591,393783,585382,36,0,Unemployed,20,Average,0
27,99518,682,454248,969911,12,3,Self-Employed,3,Average,1
36,81537,316,264323,586932,24,1,Salaried,8,Good,1
36,130721,792,2019,282380,60,3,Business,18,Good,1
53,62645,630,81455,135834,48,2,Self-Employed,13,Good,1
24,38283,785,216311,421126,12,0,Salaried,11,Average,1
24,101971,705,149776,503962,48,2,Business,3,Good,1
59,107759,416,149102,102748,24,4,Business,6,Good,1
60,117780,414,389027,895453,36,4,Salaried,16,Average,1
37,45734,848,331589,112651,24,2,Unemployed,0,Average,0
57,15515,846,335695,348951,36,2,Salaried,13,Good,1
59,125782,635,3420,78669,24,4,Salaried,14,Poor,0
49,81727,635,322019,735521,12,1,Salaried,11,Good,1
56,124164,446,178725,450498,12,0,Self-Employed,11,Good,1
58,61216,421,16740,338683,48,3,Salaried,5,Good,1
59,86833,380,327407,970811,24,2,Salaried,12,Good,1
57,73755,674,105789,854177,24,0,Business,15,Poor,1
55,42856,362,489080,744793,48,3,Salaried,13,Good,1
27,88870,803,457775,283670,60,3,Business,6,Good,1
47,22987,748,19465,870987,24,2,Self-Employed,15,Average,0
48,111502,727,444648,444289,24,1,Unemployed,8,Average,1
42,149404,726,4131,869115,24,1,Self-Employed,13,Poor,1
34,81323,720,10652,75741,60,0,Salaried,6,Good,1
27,24873,621,458189,203358,12,0,Salaried,11,Good,0
57,120219,465,218115,53599,48,4,Business,2,Good,1
42,20033,760,440363,178513,60,1,Business,13,Average,1
25,88324,758,309815,863725,36,0,Salaried,18,Average,1
22,30689,488,245289,327533,36,4,Self-Employed,10,Poor,1
47,124756,763,89342,552865,60,3,Salaried,4,Average,1
41,15066,678,281315,324462,60,0,Unemployed,12,Poor,0
58,129159,301,217201,315199,12,4,Unemployed,9,Poor,1
35,22533,663,259820,695452,36,1,Unemployed,6,Good,1
41,130828,371,186764,656867,48,3,Business,16,Good,1
30,74658,726,58541,711680,24,0,Unemployed,15,Good,1
43,53498,469,9470,154817,24,1,Salaried,7,Good,1
59,124028,504,192416,54642,12,3,Business,16,Good,1
25,26772,636,44308,535910,12,2,Business,12,Good,0
21,104385,771,443855,583609,36,1,Unemployed,10,Good,1
33,27940,494,414542,392112,48,2,Self-Employed,19,Good,0
41,133027,574,135669,793653,48,0,Salaried,17,Good,1
46,31932,306,102840,502834,60,4,Self-Employed,4,Good,1
41,39648,477,161860,677058,12,0,Self-Employed,5,Good,1
38,47966,541,458236,571315,24,1,Salaried,19,Good,1
57,57598,502,49477,469260,24,2,Salaried,13,Good,1
52,76084,842,108261,203043,36,2,Self-Employed,11,Average,1
56,146250,761,102466,830342,24,3,Salaried,3,Good,1
37,32118,379,295215,421906,48,0,Salaried,6,Poor,0
55,37616,822,463819,688471,48,0,Salaried,10,Good,1
31,146870,716,455139,691447,12,1,Unemployed,19,Good,1
41,22601,683,70560,862159,36,2,Business,1,Good,1
46,40363,690,466467,990063,24,1,Salaried,3,Good,1
24,17795,425,255392,123820,12,1,Business,6,Good,0
54,112462,793,261278,683350,60,2,Business,0,Average,1
38,117892,346,450708,788561,60,1,Salaried,14,Poor,1
60,87833,775,424986,601764,24,2,Salaried,19,Poor,1
55,18084,763,338906,572117,24,1,Self-Employed,7,Average,0
49,110865,422,166471,505899,24,4,Salaried,4,Good,1
49,15731,773,472164,716351,48,1,Business,13,Good,1
58,147201,433,244413,790457,24,1,Salaried,17,Average,1
41,16605,322,188511,170355,60,4,Salaried,2,Average,0
33,92506,534,437631,120047,24,0,Unemployed,1,Good,1
37,59130,358,405785,191868,36,2,Salaried,15,Poor,0
29,83469,463,2369,53881,60,3,Business,13,Good,1
21,105436,515,372107,589956,36,4,Salaried,15,Good,1
22,127341,482,228629,281789,60,0,Salaried,10,Poor,1
49,146965,389,262672,215384,12,1,Salaried,16,Poor,1
53,114694,610,108806,78106,60,0,Salaried,2,Average,0
30,34773,556,161386,798118,60,4,Salaried,4,Good,0
60,19239,832,102979,852161,36,1,Salaried,2,Good,1
41,35863,832,411263,703642,36,0,Self-Employed,14,Good,1
48,66415,351,281892,644608,60,3,Self-Employed,4,Average,1
31,83968,637,35109,891345,60,2,Salaried,2,Good,1
54,75430,470,13919,371546,48,2,Business,5,Good,1
28,16515,366,309642,171649,12,4,Salaried,13,Good,0
42,112206,599,317952,416074,12,1,Salaried,1,Good,1
28,71240,531,211864,742642,24,1,Self-Employed,17,Good,1
35,20586,367,70441,542665,60,2,Salaried,5,Poor,0
37,135419,805,375987,517854,60,0,Salaried,4,Good,1
43,137374,327,336564,743578,60,1,Salaried,13,Average,0
44,46186,350,422122,985454,60,3,Business,16,Good,0
39,41928,559,369591,634027,12,3,Self-Employed,10,Average,0
25,137990,483,464702,298765,36,1,Salaried,0,Poor,1
52,102029,322,66896,316651,48,1,Salaried,9,Good,1
21,35711,428,103431,227375,36,2,Business,8,Good,1
43,69962,590,415162,152552,36,4,Self-Employed,19,Good,1
57,35039,800,47020,653347,12,2,Salaried,11,Good,1
28,51561,485,205338,205739,48,4,Salaried,0,Average,0
33,16577,778,284305,709352,60,3,Salaried,17,Good,1
28,122792,791,27738,812186,12,4,Self-Employed,11,Good,1
43,25785,812,134997,180514,12,2,Business,1,Average,0
21,87227,366,401679,516779,48,1,Salaried,0,Good,0
44,133680,766,57153,924112,24,4,Salaried,0,Good,1
55,76957,584,214020,75530,12,2,Unemployed,0,Good,1
44,80431,716,61009,291348,36,3,Self-Employed,11,Average,1
37,86894,399,350082,65305,36,4,Self-Employed,6,Good,1
25,70192,488,361690,159097,60,3,Salaried,3,Good,0
40,16462,687,484469,828093,12,3,Self-Employed,20,Average,0
41,143848,540,172624,792627,60,0,Self-Employed,19,Good,1
60,91106,716,318415,529425,12,4,Salaried,3,Average,1
51,63665,475,271941,542049,48,2,Unemployed,14,Average,0
56,96010,686,348274,102044,12,4,Business,0,Average,1
31,87573,770,71942,180436,24,4,Business,5,Average,1
35,122803,532,118065,139363,36,3,Self-Employed,13,Average,1
39,134682,751,276109,370961,48,3,Salaried,13,Average,1
27,28386,576,275877,677326,36,3,Salaried,9,Average,0
48,139069,528,446439,620954,60,3,Salaried,6,Good,0
25,69460,470,389326,469389,48,2,Business,11,Good,1
25,130375,512,157998,855341,24,1,Salaried,18,Good,1
50,127660,581,159855,507183,36,0,Business,8,Good,1
52,106319,340,83360,998511,12,3,Salaried,2,Good,1
28,131582,421,167466,456201,12,3,Self-Employed,3,Good,1
30,57771,526,370522,72525,12,0,Self-Employed,12,Poor,0
58,67335,593,195868,162293,48,3,Self-Employed,9,Poor,1
52,67949,566,290431,151046,24,1,Business,13,Average,0
48,110558,840,82104,87403,24,4,Unemployed,5,Poor,1
37,117272,750,161508,218265,24,0,Salaried,7,Poor,1
51,17716,748,349060,550181,36,2,Salaried,18,Poor,0
28,86916,360,221404,447046,48,0,Salaried,9,Good,1
60,65906,801,466783,181605,12,1,Self-Employed,4,Good,1
45,15463,446,480699,817914,36,2,Salaried,4,Good,0
29,89694,633,265332,202018,24,4,Business,4,Good,1
22,83694,441,91205,335648,12,3,Salaried,8,Average,1
35,35008,343,232321,684839,48,0,Self-Employed,8,Good,1
23,85474,443,359493,367859,60,2,Business,14,Good,1
56,53185,632,137837,733615,24,0,Self-Employed,8,Good,1
24,102924,796,444842,611143,24,4,Self-Employed,13,Good,1
34,49980,695,219779,91721,24,0,Salaried,5,Good,1
45,37504,354,141879,161597,24,2,Salaried,19,Average,1
30,69970,606,10204,222922,12,1,Self-Employed,7,Good,1
41,31766,722,223674,412803,48,2,Salaried,1,Good,1
56,131944,716,189016,346867,36,0,Unemployed,4,Average,1
32,108922,624,304264,741099,12,4,Unemployed,16,Average,0
47,135494,379,102903,834717,48,3,Business,9,Good,1
60,23802,330,415874,579827,36,3,Salaried,13,Good,0
22,49159,411,299225,690648,24,4,Business,17,Good,1
33,26516,771,256687,413284,48,0,Salaried,0,Average,1
52,65492,373,34986,202383,24,4,Salaried,1,Good,1
51,44086,778,341466,808603,48,0,Salaried,3,Good,1
36,128758,686,356963,905612,60,2,Salaried,12,Good,1
52,45480,732,392159,429129,24,1,Salaried,15,Average,1
52,143023,711,50304,398125,24,0,Salaried,4,Good,1
54,125195,766,327736,872366,24,3,Unemployed,9,Good,1
31,53737,547,320692,977015,12,3,Salaried,16,Average,0
30,24265,419,360591,443399,36,1,Unemployed,10,Good,1
35,129165,366,39986,845907,24,0,Salaried,4,Good,1
37,134501,626,336239,527982,24,1,Salaried,14,Good,1
60,85990,769,91594,244202,12,2,Self-Employed,3,Good,1
38,30386,792,350425,371721,12,1,Self-Employed,6,Poor,1
29,119718,585,66151,832328,60,2,Salaried,9,Good,1
45,52425,611,335742,338152,48,3,Salaried,3,Average,0
60,136635,608,290358,782228,24,2,Salaried,19,Good,0
34,68634,396,300889,491157,48,0,Salaried,4,Good,1
45,101988,412,173620,617044,12,0,Business,4,Good,1
42,121337,755,141753,775618,12,0,Self-Employed,10,Average,1
50,82443,762,138056,655018,60,0,Salaried,18,Good,1
40,44424,431,158651,471128,36,4,Business,4,Good,1
41,103844,420,352954,656990,12,2,Salaried,20,Average,0
52,56984,496,234347,231731,24,0,Business,7,Poor,1
41,56505,781,186005,883272,60,1,Business,6,Good,1
55,117478,338,420615,262584,36,1,Unemployed,7,Good,1
52,77699,811,162553,350767,60,4,Salaried,12,Good,1
50,129012,773,944,899735,12,2,Self-Employed,4,Average,1
59,49758,460,93993,882494,36,2,Salaried,17,Good,1
32,31374,588,271258,106690,48,2,Self-Employed,8,Good,0
38,133686,499,301990,782942,36,4,Salaried,1,Good,0
41,18775,827,214738,148980,24,2,Salaried,15,Good,1
33,42388,802,208920,466850,48,2,Business,13,Good,1
41,138800,547,256805,567926,48,0,Salaried,16,Good,1
28,36029,682,294740,565717,24,2,Business,5,Good,1
60,98981,517,104087,971594,48,0,Business,2,Good,1
27,68639,386,468503,357410,12,0,Self-Employed,16,Good,1
43,129010,381,269051,211080,36,2,Salaried,12,Average,0
52,46105,361,255035,924075,36,1,Salaried,5,Good,0
31,141519,799,159186,632992,24,3,Unemployed,7,Good,1
42,117739,341,287153,816441,12,1,Salaried,5,Good,1
42,66796,311,346990,506082,48,2,Self-Employed,15,Average,0
45,30804,414,312385,429518,36,2,Self-Employed,5,Average,0
42,142732,517,166797,844814,36,1,Unemployed,16,Average,0
48,22951,405,281140,490990,36,2,Business,20,Good,0
49,34065,827,399263,517786,36,0,Self-Employed,2,Good,1
33,116503,771,497769,779422,60,4,Salaried,11,Average,1
38,120072,686,290911,926041,24,2,Salaried,5,Good,1
22,104360,525,278491,620986,48,2,Salaried,20,Average,1
49,77287,780,102063,313254,48,1,Business,6,Average,1
41,122357,707,24102,951698,24,0,Business,10,Good,1
35,44670,756,4263,525197,12,1,Business,8,Good,1
47,64112,320,370729,181458,24,1,Self-Employed,15,Average,1
51,103388,502,67438,265192,36,2,Self-Employed,4,Good,1
35,104156,716,96359,292282,36,0,Salaried,14,Good,1
43,62922,715,423756,884233,24,2,Salaried,20,Good,1
44,108348,747,130251,950444,24,2,Salaried,3,Good,1
33,94335,811,494087,932517,48,2,Business,4,Good,1
42,41312,384,468942,252929,48,2,Salaried,6,Good,1
57,81985,466,456985,81566,60,4,Business,2,Good,1
53,145744,683,171915,291300,60,3,Self-Employed,3,Average,1
23,115963,767,27690,73798,36,0,Salaried,14,Good,1
39,46551,371,2994,456781,60,4,Salaried,1,Good,1
43,104813,820,103533,73027,60,3,Salaried,4,Good,1
49,116025,772,67546,550252,12,3,Salaried,6,Good,1
50,139342,557,400593,540847,24,3,Business,16,Good,1
59,24637,574,340716,842063,48,4,Salaried,7,Good,0
45,58258,319,26467,795225,60,0,Business,8,Average,0
57,144553,789,246590,289628,48,1,Business,9,Good,1
28,41950,789,131120,631166,60,3,Salaried,10,Good,1
36,142870,625,168050,619494,60,1,Business,0,Average,0
28,15215,828,309750,677761,36,1,Self-Employed,14,Good,1
21,120603,388,474790,108334,12,2,Business,7,Good,0
25,26523,785,360256,384467,24,1,Salaried,18,Average,1
23,83689,649,73414,627907,24,2,Salaried,11,Good,1
21,38834,383,355289,677824,36,0,Salaried,5,Poor,0
24,49474,686,180294,470091,36,0,Salaried,9,Poor,1
60,58066,386,48115,729874,24,2,Business,4,Good,1
55,25400,606,351750,573604,24,0,Business,6,Poor,0
52,140211,453,40647,203652,12,3,Unemployed,6,Average,0
54,25345,739,54607,309201,60,0,Salaried,8,Poor,0
45,48896,563,450626,791187,12,2,Salaried,14,Average,1
30,43899,720,21996,971792,24,3,Self-Employed,5,Average,1
41,43229,792,448137,581022,60,1,Salaried,15,Good,1
59,20583,710,83697,788360,24,1,Salaried,6,Good,1
47,86537,472,308166,875440,12,1,Self-Employed,14,Good,1
47,89807,303,302292,361493,12,2,Salaried,1,Good,1
22,144648,771,67764,188886,12,1,Self-Employed,7,Poor,1
33,127652,409,354045,486370,60,0,Salaried,11,Good,1
29,86792,336,352868,188923,48,1,Self-Employed,10,Average,0
56,146300,330,386910,960910,48,4,Business,5,Good,1
42,52052,680,239190,182672,24,4,Salaried,19,Good,1
46,61032,567,8888,106614,60,1,Unemployed,12,Good,1
32,48686,310,219738,253474,36,1,Self-Employed,15,Good,1
37,91981,643,432375,840124,48,4,Unemployed,7,Poor,1
34,113802,843,435413,176745,60,1,Salaried,16,Good,1
34,148881,465,477542,239099,60,3,Self-Employed,12,Good,1
54,57818,641,221432,823131,48,4,Salaried,3,Good,1
40,115422,781,361085,856805,60,2,Business,19,Good,1
31,86927,318,417690,803996,60,4,Self-Employed,9,Good,1
36,94465,483,279477,571435,48,0,Salaried,19,Good,1
51,128221,844,36355,506021,12,3,Unemployed,15,Good,1
26,52333,309,230487,424557,24,2,Salaried,16,Good,1
39,141457,491,129686,588795,36,1,Salaried,7,Good,1
57,31576,619,467119,375075,24,0,Self-Employed,10,Average,0
24,134875,774,459474,649787,12,0,Self-Employed,4,Good,1
24,54405,726,162217,777002,12,3,Salaried,20,Good,1
40,109000,358,249602,778229,60,2,Salaried,15,Average,1
30,46601,735,249434,950794,24,0,Unemployed,7,Average,0
44,82946,396,365314,933881,12,2,Business,20,Average,0
55,67116,795,337819,408963,24,2,Salaried,15,Average,1
46,119186,577,180926,875855,12,0,Salaried,3,Good,1
57,77894,564,67664,153612,36,2,Unemployed,5,Good,1
58,22465,308,86153,136120,12,3,Business,20,Good,1
41,71754,756,93616,953841,24,0,Unemployed,7,Poor,1
60,107850,572,297429,927350,60,3,Salaried,8,Good,0
59,124765,307,256349,640888,24,3,Business,12,Good,1
41,107691,507,410749,616136,48,2,Business,16,Average,0
30,53871,422,425840,581108,24,2,Salaried,8,Good,1
58,44511,332,46996,844944,36,0,Self-Employed,12,Good,1
24,95960,812,309091,217797,36,1,Self-Employed,8,Good,1
40,80776,503,421172,363678,36,0,Salaried,5,Good,1
37,59462,817,313174,790511,12,3,Business,9,Good,1
27,47574,816,451813,437335,36,2,Business,4,Good,1
24,117072,742,304587,745136,24,3,Business,6,Average,1
49,93282,638,128344,635233,60,4,Business,10,Poor,0
34,124779,737,229685,819708,36,4,Salaried,8,Average,1
23,33557,744,327608,395564,24,3,Salaried,9,Average,1
44,87104,435,128019,228527,12,1,Business,10,Good,1
57,137013,686,135024,395632,12,1,Salaried,2,Good,1
36,56081,324,450096,563796,60,0,Salaried,7,Good,1
24,134181,805,183273,233505,60,0,Self-Employed,16,Good,1
44,42094,624,120454,321855,24,0,Salaried,6,Average,0
54,81766,637,124444,764622,60,2,Self-Employed,11,Poor,1
50,98053,394,374319,136009,60,1,Salaried,15,Good,1
38,16301,844,304604,789145,12,3,Salaried,14,Good,1
39,96463,445,153868,583885,24,4,Unemployed,20,Good,1
51,39466,530,162818,110067,60,1,Business,12,Good,1
39,41081,794,480001,792880,24,1,Business,17,Average,1
39,39354,337,15,622310,36,1,Self-Employed,17,Average,0
42,108297,724,311901,563959,12,0,Business,4,Average,1
44,33300,736,157029,262996,12,2,Business,13,Average,1
32,79384,667,81541,949105,12,3,Self-Employed,10,Good,1
50,110027,644,21292,549479,48,0,Unemployed,2,Poor,0
58,136684,459,384838,461998,24,2,Salaried,16,Average,0
51,75892,849,162948,626070,36,1,Unemployed,11,Good,1
56,50525,840,191799,515360,60,2,Salaried,2,Good,1
39,21464,443,47046,760373,36,0,Self-Employed,1,Average,0
56,31562,644,14817,947148,24,1,Salaried,3,Good,1
50,122392,568,484222,551525,12,0,Self-Employed,17,Good,1
53,70514,567,9759,954462,48,3,Self-Employed,19,Good,1
38,128428,468,179504,908468,24,1,Unemployed,20,Average,0
48,127564,332,268556,347486,24,2,Unemployed,13,Good,0
31,123047,676,450973,135745,60,0,Unemployed,7,Good,1
53,47634,513,282648,988481,36,4,Salaried,1,Poor,0
37,15060,739,370644,284648,36,2,Unemployed,18,Poor,1
26,24269,791,270651,369540,60,2,Salaried,9,Average,0
24,38065,692,21050,164836,48,1,Business,4,Good,1
40,17895,788,398036,156998,12,2,Salaried,10,Good,1
47,95859,328,401051,100021,12,0,Self-Employed,8,Good,1
35,119127,338,486383,512273,48,4,Unemployed,15,Good,1
26,111426,472,100153,570410,60,3,Unemployed,4,Poor,1
34,26962,316,275731,180672,24,4,Self-Employed,14,Poor,0
31,48302,355,231329,430703,36,0,Business,13,Good,1
59,100382,525,57732,903268,24,1,Salaried,8,Good,1
29,19011,366,51921,994579,36,0,Business,19,Good,0
46,144716,496,438715,794875,24,2,Self-Employed,4,Good,1
36,34782,322,117734,474018,60,1,Salaried,14,Good,1
25,135654,536,392248,783121,60,3,Salaried,8,Average,1
30,24196,437,137912,651305,48,3,Salaried,3,Average,0
23,58459,772,496586,529969,24,0,Business,20,Poor,1
33,102245,528,458293,815709,24,2,Salaried,20,Good,1
50,93863,616,31440,761182,48,3,Salaried,3,Good,1
26,138206,500,35183,494819,48,4,Salaried,19,Poor,1
37,116010,557,358316,414833,60,1,Self-Employed,20,Good,1
39,47769,779,133461,130291,60,4,Business,6,Good,1
55,122529,477,448292,926882,24,3,Self-Employed,14,Good,1
46,39700,422,114515,740952,60,3,Self-Employed,16,Average,0
25,20269,641,385327,630294,60,0,Salaried,17,Average,0
49,136631,470,328443,993773,24,0,Salaried,6,Poor,1
57,58880,358,220533,678556,48,1,Business,18,Good,1
40,129003,764,485301,362282,24,0,Salaried,9,Average,1
41,64589,559,115503,636686,12,2,Salaried,12,Average,0
30,50897,672,39023,271163,24,1,Business,1,Good,1
25,29380,394,181101,725234,12,2,Salaried,19,Poor,0
56,85934,424,302085,893660,24,0,Business,10,Good,1
26,70830,340,482209,899102,12,1,Salaried,4,Poor,0
46,20529,553,447166,175613,12,3,Business,5,Poor,0
24,109598,306,383821,152071,24,4,Salaried,2,Good,1
59,97987,770,218031,555096,60,3,Salaried,0,Good,1
59,64178,810,76054,160572,36,2,Salaried,2,Good,1
55,136952,368,327507,822054,60,3,Business,2,Average,0
21,54886,380,61742,188997,12,3,Unemployed,3,Good,1
44,64699,841,491112,839539,24,4,Salaried,6,Average,1
56,91396,561,45215,136388,24,4,Business,14,Good,1
26,105678,388,310001,670007,24,3,Self-Employed,10,Average,0
51,40279,507,317620,692306,24,4,Unemployed,17,Good,0
40,125776,512,159245,864049,36,3,Business,11,Good,1
44,116444,565,402611,124258,48,1,Salaried,3,Average,0
45,121300,592,321912,886507,12,3,Business,10,Good,0
56,128793,506,241443,701286,36,0,Self-Employed,5,Good,1
41,131278,632,477959,859063,60,4,Salaried,18,Good,1
50,118247,376,103591,697408,48,4,Salaried,17,Good,1
44,23997,587,249045,767804,48,2,Unemployed,14,Good,0
50,121102,346,46229,933590,24,2,Unemployed,2,Average,0
42,100711,499,419855,559800,36,0,Business,16,Average,1
48,131045,726,373850,451099,60,4,Unemployed,0,Good,1
27,55860,509,62583,987212,24,4,Business,1,Good,1
55,18225,719,255931,620509,24,2,Salaried,18,Good,0
48,125114,453,159996,198269,12,2,Salaried,8,Average,1
34,128218,821,126011,988638,48,3,Salaried,7,Good,1
30,115764,714,466185,418066,60,4,Salaried,11,Good,1
36,122041,652,292248,83550,48,4,Salaried,14,Good,1
36,127224,456,240660,326786,36,3,Self-Employed,6,Good,1
51,78656,560,299738,987943,12,4,Business,20,Average,1
45,91290,376,265808,680381,24,0,Business,15,Good,0
33,71633,787,272672,467799,12,2,Self-Employed,6,Good,1
26,41655,430,159262,311188,24,2,Unemployed,19,Good,1
29,136118,754,197105,668173,12,2,Self-Employed,20,Poor,1
56,18114,462,454377,653826,24,1,Business,11,Average,0
40,41502,314,204249,374158,48,0,Salaried,16,Good,1
38,64768,531,128404,855955,48,0,Salaried,10,Good,1
41,63128,494,463395,422429,48,3,Unemployed,3,Poor,0
24,98123,841,201664,775903,48,1,Salaried,18,Good,1
53,123255,658,295043,680167,12,4,Self-Employed,1,Poor,0
47,18174,630,333123,140629,24,0,Salaried,1,Good,1
27,132769,726,17241,557704,48,1,Self-Employed,16,Good,1
26,50398,796,308355,388974,12,1,Unemployed,8,Average,1
35,138549,785,63472,357682,24,0,Salaried,0,Average,1
38,87635,748,205320,359454,12,3,Business,9,Poor,1
52,38760,712,466973,978412,48,1,Salaried,14,Average,0
31,145674,629,31346,165266,36,2,Salaried,20,Good,1
40,29130,446,81196,238362,12,1,Salaried,14,Average,1
44,122215,558,366595,496850,48,4,Business,20,Average,0
35,103095,591,208196,849131,60,0,Salaried,1,Good,1
27,75942,442,365052,281241,24,4,Self-Employed,13,Good,0
41,113970,664,435436,301249,48,3,Salaried,3,Good,1
46,97203,389,149014,116912,60,2,Salaried,17,Good,1
34,103177,463,311311,719615,12,0,Business,8,Average,0
57,87902,780,298517,129183,12,1,Salaried,1,Good,1
41,107172,383,329287,110282,60,2,Salaried,1,Good,0
38,35056,376,120623,108249,60,1,Salaried,17,Average,0
25,70739,816,372157,612464,24,3,Self-Employed,16,Good,1
23,96685,784,2016,582451,12,0,Self-Employed,8,Good,1
43,63639,403,331254,890642,60,3,Salaried,7,Poor,1
46,15992,751,439525,173844,36,3,Salaried,1,Good,1
57,87394,786,7274,416731,36,3,Salaried,1,Good,1
44,82657,638,15748,805640,60,3,Salaried,4,Good,1
39,42160,777,413391,384123,24,1,Business,11,Average,1
45,60156,522,497926,653148,12,4,Business,15,Good,1
41,101442,308,11826,202215,36,1,Self-Employed,13,Good,1
32,132925,352,345152,841352,60,2,Salaried,19,Good,1
53,19136,376,129288,657199,60,3,Business,1,Average,0
24,76868,802,427345,874428,48,2,Business,7,Good,1
27,97263,615,201081,454964,60,1,Self-Employed,3,Average,0
42,47167,464,251054,406215,24,3,Business,19,Average,1
53,125957,578,416706,97252,36,1,Business,8,Good,1
37,30479,326,367767,959166,48,3,Self-Employed,19,Poor,0
44,134392,369,172507,506395,36,1,Salaried,18,Good,1
54,34585,517,206089,973954,36,0,Business,1,Good,0
48,41619,664,401736,102756,24,4,Salaried,15,Average,1
59,90069,605,223023,886667,60,4,Business,10,Good,1
42,54895,423,345250,402690,24,3,Business,7,Average,0
37,18720,318,192949,443236,60,0,Business,11,Poor,0
54,34267,556,413014,962234,48,2,Salaried,2,Poor,0
26,68364,595,316782,261325,24,0,Salaried,12,Good,1
26,66567,321,69072,420565,24,3,Salaried,1,Poor,0
54,106229,749,67309,977168,12,0,Business,12,Good,1
21,93518,849,160966,378779,24,2,Business,7,Good,1
30,97844,347,456179,859657,12,3,Self-Employed,14,Good,1
41,105697,482,386868,249245,60,4,Salaried,20,Good,1
25,72196,734,185639,943317,60,0,Unemployed,8,Good,1
22,130600,406,389987,549264,60,4,Unemployed,10,Poor,0
42,115625,487,35326,135333,12,4,Salaried,20,Average,1
22,146567,385,186131,745585,60,1,Self-Employed,2,Average,1
30,59755,755,267223,322951,36,2,Business,6,Good,1
54,48324,436,419054,56402,24,0,Business,13,Good,0
36,93929,635,383556,54521,12,4,Unemployed,14,Poor,0
59,147624,768,87340,768525,60,4,Salaried,8,Average,1
42,66272,702,440325,825173,36,2,Self-Employed,19,Average,1
32,89462,839,347355,951125,24,4,Self-Employed,10,Poor,1
44,69675,371,418810,58382,24,4,Business,6,Good,1
60,88591,323,304893,566243,60,4,Business,11,Good,1
58,47363,784,167364,947428,36,4,Unemployed,18,Good,1
30,92004,355,118192,545873,12,1,Self-Employed,17,Good,1
55,55718,522,336678,589353,60,1,Business,12,Average,1
52,128627,478,251749,397614,24,3,Salaried,10,Good,0
27,41870,733,341377,64425,24,0,Salaried,0,Good,1
41,52394,749,51818,849543,24,2,Salaried,5,Good,1
40,67057,791,374054,221871,60,3,Business,20,Good,1
46,94795,488,13429,627545,48,1,Unemployed,1,Good,1
24,95409,719,57748,960422,48,1,Salaried,12,Good,1
42,28016,548,48807,766537,48,1,Salaried,12,Poor,0
35,57137,463,269284,964245,36,3,Business,18,Good,1
60,146225,554,325370,393190,60,1,Self-Employed,8,Good,1
41,27379,775,238161,874283,24,3,Unemployed,18,Good,1
35,136169,716,408117,583104,36,1,Salaried,0,Good,1
42,141082,469,350959,521069,48,4,Salaried,7,Good,1
48,128089,616,290669,52175,12,4,Salaried,13,Poor,0
34,26049,473,282635,323485,36,0,Salaried,15,Good,0
47,146858,769,199888,900340,36,1,Salaried,3,Average,1
60,137784,644,166052,731014,60,0,Salaried,17,Good,1
48,62691,744,226597,504111,36,3,Salaried,13,Good,1
46,72986,317,8078,633984,60,0,Salaried,8,Average,1
22,109774,369,91654,238961,12,1,Unemployed,14,Good,1
45,120315,637,129101,268216,24,3,Salaried,2,Good,1
23,72204,826,482737,395259,24,3,Salaried,3,Good,1
28,35085,755,441920,342338,48,4,Business,17,Good,1
53,48980,568,16997,478053,48,3,Self-Employed,13,Good,1
55,71117,487,473026,512110,12,3,Self-Employed,14,Poor,0
26,30896,828,131940,134358,24,0,Business,7,Good,1
59,104353,733,419614,222648,48,3,Business,9,Poor,1
43,44813,587,212650,414692,36,2,Business,11,Good,1
45,80679,798,359500,725087,60,4,Self-Employed,20,Good,1
39,18228,740,375855,608867,48,4,Business,8,Good,0
25,26397,602,283390,146554,12,3,Self-Employed,7,Good,0
31,52011,386,151633,721915,24,0,Salaried,16,Good,1
32,94183,737,409470,889726,12,4,Business,8,Good,1
30,108254,840,34512,624065,60,4,Self-Employed,12,Poor,1
28,57317,321,493776,449122,60,2,Unemployed,13,Average,0
44,117489,816,482748,90751,12,3,Salaried,4,Average,1
48,55096,802,225226,250671,48,4,Salaried,8,Good,1
56,68785,766,208467,158750,48,4,Unemployed,15,Poor,1
57,67344,400,320009,124180,24,4,Salaried,18,Good,0
41,135382,440,416796,813274,24,4,Unemployed,6,Poor,0
28,125489,437,464175,254750,36,0,Unemployed,11,Good,1
29,26549,527,365537,868076,36,1,Business,1,Good,0
35,40739,580,72144,83521,24,2,Self-Employed,17,Poor,0
60,36209,730,173557,585852,36,0,Self-Employed,17,Good,1
38,122051,339,443837,679443,12,2,Business,15,Poor,0
40,30116,818,117363,470515,48,4,Business,10,Good,1
26,35045,510,312809,491174,36,2,Self-Employed,1,Good,1
32,50709,601,201484,237150,36,3,Unemployed,13,Poor,1
22,58617,385,181675,456637,12,3,Self-Employed,3,Average,1
27,134779,696,152110,400891,60,1,Unemployed,6,Average,1
36,57919,552,93542,847634,24,1,Salaried,1,Good,0
23,98521,832,363455,421551,12,2,Salaried,20,Good,1
23,21447,680,489562,709045,60,0,Salaried,13,Good,0
47,20499,743,276469,140197,12,0,Salaried,6,Good,1
60,54041,332,166964,92637,48,4,Business,8,Average,1
58,46315,559,394969,723726,12,0,Salaried,7,Good,1
53,147371,533,488283,546464,12,1,Unemployed,8,Good,0
48,135506,814,149068,74276,48,0,Salaried,6,Average,1
21,106647,607,330955,917378,24,4,Salaried,18,Good,1
28,47355,369,205355,911646,60,3,Salaried,16,Poor,1
57,88805,753,438427,205647,36,0,Self-Employed,12,Poor,1
52,83367,738,116737,484617,24,0,Salaried,10,Good,1
57,124906,663,456036,353374,12,1,Salaried,17,Good,1
24,132409,780,262968,784784,36,2,Business,16,Good,1
50,92355,443,407096,436230,48,3,Salaried,15,Average,1
26,131220,323,240417,179526,24,2,Salaried,9,Good,1
39,102173,724,117718,557723,60,4,Business,3,Average,1
52,16996,474,328761,511833,24,4,Salaried,3,Good,0
29,59387,624,273661,728381,24,2,Salaried,10,Average,0
32,18089,647,152755,976953,36,1,Salaried,20,Average,0
31,113827,317,410092,458873,48,1,Salaried,7,Poor,0
36,35659,343,365212,347203,48,1,Self-Employed,8,Good,1
21,60178,454,449570,51532,24,3,Salaried,15,Good,1
41,110965,676,467018,569518,48,4,Business,9,Good,1
50,96268,701,207791,152666,36,4,Unemployed,8,Good,1
33,100042,524,249120,756165,36,4,Salaried,2,Good,1
54,121471,516,254322,131551,60,3,Unemployed,1,Poor,0
24,85111,330,479818,218828,48,4,Salaried,8,Average,0
48,115435,358,377160,646168,60,2,Salaried,12,Good,1
58,104242,652,209485,156734,12,0,Salaried,5,Average,1
51,128204,744,272126,950429,36,3,Salaried,3,Good,1
47,32199,534,467720,780002,24,0,Self-Employed,13,Good,1
25,75038,406,419814,888600,36,2,Salaried,10,Average,0
45,72786,490,145711,163123,12,1,Business,1,Poor,1
23,124636,829,70210,780548,24,1,Business,2,Good,1
53,64294,544,69852,992054,48,1,Salaried,4,Average,1
24,15534,375,375762,449605,48,3,Business,6,Poor,0
45,106828,846,255139,137897,36,1,Unemployed,10,Good,1
40,51132,566,9695,741207,24,3,Salaried,11,Good,1
54,130720,616,48582,678887,24,3,Salaried,10,Average,0
46,51110,420,293238,915671,60,0,Salaried,18,Average,0
25,78580,324,191707,330786,12,1,Salaried,12,Good,1
55,79016,731,284331,419006,48,4,Self-Employed,3,Good,1
48,61233,459,380157,298751,36,1,Salaried,13,Average,0
49,144863,413,128721,86509,24,1,Self-Employed,11,Average,0
29,121311,801,106683,915849,48,1,Self-Employed,1,Good,1
58,49409,465,263358,885669,36,4,Self-Employed,7,Good,0
26,39054,474,286084,720774,48,4,Salaried,18,Average,1
39,44709,300,44406,899608,36,3,Salaried,12,Average,0
31,124321,385,484437,178633,48,4,Salaried,20,Poor,1
22,15363,619,436697,916297,60,3,Salaried,20,Poor,0
29,25358,700,147049,691469,12,0,Unemployed,0,Average,0
41,149312,681,438055,636347,48,3,Salaried,4,Poor,1
44,60689,617,451090,361294,12,1,Salaried,10,Poor,0
54,16936,549,320558,924799,48,2,Salaried,10,Average,0
42,127272,824,363584,615379,24,2,Business,12,Average,1
23,106074,555,418754,254196,60,1,Business,1,Average,0
32,15882,606,235994,50903,60,3,Self-Employed,18,Average,0
48,120227,443,365713,291024,12,1,Salaried,15,Good,1
50,140865,690,187313,890667,24,4,Salaried,4,Good,1
46,138745,468,204573,239637,36,3,Self-Employed,13,Good,1
41,43885,597,206205,891774,60,1,Unemployed,18,Good,1
48,149275,532,60481,223795,24,4,Self-Employed,4,Good,1
46,148316,570,238084,85572,24,4,Self-Employed,20,Poor,0
53,113322,359,289884,854042,12,3,Salaried,8,Good,1
41,83619,595,325472,870484,24,0,Salaried,11,Good,1
55,36584,766,465321,148993,24,0,Business,15,Good,1
54,23521,534,443859,399207,36,4,Salaried,18,Good,0
38,48541,533,496733,472227,12,0,Unemployed,14,Average,0
31,44063,667,274025,546027,12,4,Salaried,16,Good,1
43,85268,531,299140,671828,24,0,Salaried,14,Good,1
42,141218,790,163249,103533,36,4,Self-Employed,2,Poor,1
37,133206,802,122196,729424,48,4,Salaried,16,Good,1
25,148639,680,37177,960421,60,4,Salaried,12,Poor,1
31,147746,727,66126,833185,12,4,Salaried,8,Good,1
50,91411,663,318675,230653,36,2,Business,12,Good,1
35,124876,501,26119,170388,36,0,Salaried,15,Good,1
47,38331,445,117744,865134,24,4,Salaried,18,Good,1
55,38004,756,116894,173482,60,1,Self-Employed,13,Good,1
53,134243,434,158987,845063,12,3,Salaried,7,Good,1
40,78217,563,395924,304936,48,1,Unemployed,18,Average,1
36,104044,363,431965,137388,24,1,Salaried,2,Average,0
54,24045,790,44989,699086,12,2,Business,20,Good,1
22,35116,340,284250,644331,12,0,Salaried,17,Good,1
55,33667,595,279275,734341,36,2,Business,15,Poor,0
60,90057,302,308697,872196,60,0,Business,13,Good,1
48,89205,409,451360,807131,48,4,Unemployed,15,Good,1
59,42302,520,6553,834147,60,2,Salaried,16,Good,1
26,87534,669,17881,493729,36,3,Salaried,19,Average,1
29,28440,667,1379,703302,48,0,Self-Employed,10,Good,1
40,126001,735,352935,163076,48,2,Salaried,12,Poor,1
21,61501,303,367808,673295,24,3,Salaried,10,Good,1
28,147341,543,69306,771558,48,1,Unemployed,3,Good,0
43,22868,465,412942,861372,12,4,Salaried,13,Good,0
23,92909,325,243825,943850,60,4,Unemployed,4,Good,1
24,99523,694,402304,121792,60,1,Salaried,3,Good,1
45,30734,773,427530,471648,24,2,Business,0,Poor,1
58,98600,316,448257,58367,48,1,Self-Employed,13,Good,1
35,23433,391,104512,948196,36,3,Self-Employed,6,Poor,0
41,118986,782,278494,808961,12,0,Unemployed,9,Good,1
55,78753,842,99599,993015,24,2,Salaried,1,Good,1
34,128783,504,81397,845005,48,0,Business,9,Good,1
56,36751,801,341653,589870,36,1,Self-Employed,2,Good,1
32,63570,699,17769,186450,48,4,Salaried,20,Average,1
37,39503,506,178321,901728,24,0,Unemployed,7,Poor,0
59,148851,445,476078,718860,36,0,Salaried,9,Average,0
29,101840,400,101584,377985,36,4,Business,7,Good,1
55,146827,540,308509,596169,36,0,Salaried,13,Good,1
33,54263,462,312329,906665,36,0,Business,17,Poor,1
35,123491,472,133858,756902,48,4,Self-Employed,8,Poor,1
38,70087,801,231609,639573,36,4,Salaried,8,Good,1
53,66482,846,126525,109547,48,1,Self-Employed,3,Good,1
26,137989,583,394836,767511,36,1,Salaried,2,Average,0
47,55115,658,36303,712582,36,0,Salaried,13,Average,1
43,29249,680,19589,57933,24,2,Salaried,13,Good,1
47,125361,832,265026,395529,48,1,Salaried,20,Good,1
54,39600,462,455464,815127,48,1,Salaried,15,Poor,0
58,52706,606,180394,672994,60,2,Self-Employed,4,Good,1
34,34222,638,129236,521653,24,2,Salaried,19,Good,1
56,114041,354,417740,974444,48,4,Self-Employed,14,Good,1
28,119504,632,271889,921022,24,1,Salaried,20,Good,0
55,56139,426,495417,418543,24,3,Self-Employed,8,Poor,0
39,129919,542,15861,371289,24,3,Business,6,Good,1
50,56302,708,91707,224682,12,0,Salaried,12,Average,1
34,102838,802,484951,369664,48,1,Business,7,Good,1
40,93353,602,316405,578832,24,3,Self-Employed,11,Average,0
45,103992,763,255043,891244,12,1,Business,3,Good,1
60,66428,534,133909,252682,12,1,Salaried,15,Good,1
44,38777,337,336279,232572,36,3,Salaried,5,Poor,0
34,72939,438,474663,431234,36,1,Business,4,Good,0
46,101450,494,54380,935486,48,2,Business,0,Good,1
58,38548,826,348233,992948,36,0,Salaried,13,Good,1
43,140549,300,105025,267054,48,4,Salaried,8,Good,1
42,46625,395,180903,537295,12,3,Self-Employed,17,Good,1
39,39918,712,220421,468005,12,4,Self-Employed,5,Average,1
23,129826,837,431471,444833,48,0,Business,14,Good,1
39,129881,728,244497,309711,36,2,Salaried,15,Good,1
29,30577,534,160592,675122,36,2,Salaried,7,Good,0
48,100155,648,422757,184405,48,2,Salaried,18,Good,1
40,126776,780,458988,90002,60,2,Salaried,4,Average,1
27,114246,695,420566,305549,36,3,Salaried,13,Poor,1
34,109948,650,44397,793048,24,3,Business,6,Good,1
29,36341,715,339229,532843,36,1,Self-Employed,3,Average,1
39,112554,350,326009,443727,60,1,Business,20,Good,1
34,122798,380,318100,424994,12,0,Salaried,0,Good,1
58,61330,335,420669,704299,12,1,Salaried,3,Good,1
56,102759,366,455561,743210,12,0,Salaried,13,Good,1
60,101807,780,362871,695836,36,0,Salaried,15,Good,1
37,48313,767,406122,525388,12,0,Business,6,Good,1
50,61900,441,277132,81786,60,2,Salaried,9,Good,1
29,93840,655,158795,517572,60,4,Salaried,9,Good,1
53,101072,770,33800,348388,36,4,Salaried,3,Poor,1
45,111367,738,432323,780074,24,3,Salaried,11,Good,1
34,64156,830,158502,117261,36,0,Business,5,Good,1
31,102453,426,425751,330621,12,2,Salaried,12,Good,1
55,40938,504,199548,751893,36,1,Business,20,Poor,0
34,74164,328,257653,320640,60,1,Self-Employed,0,Good,1
50,75282,744,349473,170522,36,3,Salaried,7,Good,1
24,62801,763,471014,455486,36,3,Salaried,15,Average,1
24,18326,579,52284,781368,24,0,Business,4,Poor,0
48,149731,450,56232,332868,60,0,Business,6,Average,1
28,130819,539,44420,342560,48,1,Salaried,2,Good,1
22,19763,565,299854,609863,48,1,Salaried,20,Average,0
42,62588,404,465713,524406,60,1,Salaried,1,Average,0
36,26221,732,92035,650902,48,1,Salaried,1,Poor,1
49,28569,796,433714,143566,12,4,Salaried,19,Poor,1
50,52860,739,293427,302061,48,0,Salaried,9,Good,1
32,60337,457,197241,778468,12,0,Salaried,19,Average,1
55,86695,471,465574,984912,60,1,Salaried,8,Good,1
31,121749,793,193529,177192,48,2,Salaried,17,Good,1
41,58790,610,249863,593647,48,1,Business,5,Good,1
41,83580,702,25968,451914,12,3,Self-Employed,19,Good,1
25,20636,762,62508,251464,12,2,Unemployed,5,Good,1
40,92129,666,235863,798423,36,3,Salaried,9,Poor,1
57,148964,849,194292,517997,24,2,Self-Employed,8,Good,1
23,36672,554,375579,617922,48,3,Salaried,8,Good,1
53,20812,507,85366,167255,24,1,Self-Employed,2,Good,0
29,15654,749,5738,617152,24,1,Salaried,11,Good,1
29,69633,394,3098,930914,48,2,Salaried,10,Poor,0
24,32143,777,95424,87355,12,3,Unemployed,13,Average,1
55,70934,489,204705,87690,36,4,Self-Employed,18,Good,1
37,82334,783,78672,481030,60,2,Unemployed,9,Poor,1
54,118463,835,300388,737005,48,2,Salaried,18,Good,1
44,140851,722,139325,790174,48,0,Salaried,4,Poor,1
52,44087,432,316477,253811,60,2,Salaried,8,Good,1
21,23446,354,125349,630918,24,4,Business,0,Average,0
28,117127,809,50969,229243,36,1,Self-Employed,14,Good,1
43,63867,840,90744,595946,24,3,Unemployed,3,Poor,1
60,75101,709,201495,567196,60,0,Salaried,6,Good,1
32,103074,510,117286,569757,60,3,Business,5,Good,1
32,133422,592,437627,289204,36,1,Salaried,14,Poor,0
35,102892,414,75028,327941,60,2,Salaried,5,Good,1
39,135044,558,297565,895231,60,4,Self-Employed,6,Average,0
46,54148,421,394670,430445,36,0,Self-Employed,19,Average,1
49,97928,598,410738,803702,48,4,Salaried,2,Good,1
42,66660,680,38575,364380,24,4,Salaried,20,Good,1
60,50450,800,3192,580553,48,4,Salaried,12,Poor,1
41,48757,596,111116,570335,48,4,Salaried,1,Poor,0
58,93012,661,448484,699899,24,1,Salaried,2,Good,1
40,121750,762,390018,253206,48,4,Salaried,12,Good,1
49,142043,737,81311,496710,36,4,Salaried,8,Good,1
24,71116,426,403618,433898,24,1,Unemployed,18,Good,0
27,47152,496,471826,732358,12,3,Unemployed,17,Good,1
48,121379,520,80781,141426,48,1,Salaried,4,Poor,0
48,35836,390,36527,457522,60,2,Unemployed,9,Average,1
24,84444,710,52181,769366,24,1,Self-Employed,13,Average,1
42,108109,307,91472,561933,12,3,Salaried,20,Good,1
32,97018,843,420218,228417,60,2,Salaried,16,Good,1
23,138076,767,81219,192957,12,2,Unemployed,2,Average,1
42,146949,619,405676,683969,48,0,Self-Employed,6,Average,1
22,98788,693,119783,880258,60,4,Business,8,Average,1
44,111870,568,161554,629885,48,2,Business,4,Good,1
54,98308,490,409663,974947,60,2,Salaried,3,Good,1
47,72913,360,179300,147375,24,3,Salaried,2,Good,1
21,17637,737,83265,821365,36,2,Salaried,12,Good,1
28,57025,563,50126,853516,36,3,Salaried,8,Average,0
43,114508,394,282689,401591,12,4,Salaried,6,Good,0
58,97464,769,55114,578671,60,0,Salaried,7,Poor,1
26,43742,813,355884,142313,48,0,Salaried,9,Good,1
42,26831,493,206422,870793,24,4,Salaried,0,Good,0
45,128768,781,188873,130294,24,4,Salaried,19,Average,1
38,100092,635,276034,635619,24,1,Salaried,20,Good,1
37,105879,734,121284,145057,36,2,Salaried,20,Average,1
32,103370,495,314626,201601,48,2,Salaried,0,Average,0
26,141537,548,194469,763934,24,2,Self-Employed,18,Poor,1
46,119824,797,394956,793987,24,3,Unemployed,1,Good,1
47,103741,511,423337,433829,12,1,Salaried,11,Good,1
28,33830,765,142290,146917,60,2,Salaried,12,Good,1
39,70044,520,333735,544132,60,3,Business,13,Average,1
21,88948,572,88241,343076,60,3,Self-Employed,4,Good,1
49,84202,453,296866,565303,12,0,Business,2,Good,1
55,52045,548,311575,314052,36,3,Salaried,16,Good,1
60,122509,578,182615,556705,12,4,Business,0,Good,0
34,30198,739,304144,473574,24,3,Unemployed,13,Average,1
55,84521,575,334119,604700,48,4,Self-Employed,5,Good,1
40,121471,813,30921,964751,24,4,Salaried,16,Good,1
33,44475,387,361409,920142,24,0,Business,3,Good,0
58,34403,804,350891,303928,48,0,Business,5,Average,1
28,18681,540,161686,262104,60,3,Business,0,Poor,0
40,106555,535,192261,52928,12,0,Salaried,8,Good,1
53,133884,427,17601,901590,36,0,Business,3,Good,1
46,108122,802,93332,211704,24,2,Salaried,8,Good,1
59,130260,499,385398,82309,24,3,Salaried,8,Good,1
41,120386,842,202615,845712,36,3,Self-Employed,12,Good,1
29,108246,801,413730,90449,12,3,Salaried,16,Good,1
44,110864,791,476528,863389,24,0,Self-Employed,20,Poor,1
57,23417,320,460828,742255,36,0,Self-Employed,2,Poor,0
37,133888,533,484102,382643,24,4,Salaried,5,Good,0
44,89499,715,381148,667345,60,1,Self-Employed,19,Good,1
41,145908,447,235572,803511,60,1,Unemployed,14,Good,0
59,42675,328,409508,422209,24,1,Salaried,13,Good,1
59,26332,660,424726,555074,24,2,Self-Employed,12,Good,0
33,34177,607,290144,727055,60,0,Salaried,8,Average,0
31,145560,461,130439,649181,24,4,Salaried,14,Good,1
39,72104,360,239691,506339,12,4,Salaried,13,Average,0
31,99335,424,119277,861608,12,1,Salaried,3,Average,1
33,129938,755,292527,723769,48,2,Salaried,10,Poor,1
21,95730,370,142857,829824,12,2,Unemployed,1,Average,1
60,43333,765,40910,893399,24,1,Self-Employed,15,Average,0
39,36673,542,170100,575275,24,1,Self-Employed,18,Good,1
32,129421,789,155927,248573,36,0,Salaried,15,Average,1
28,55870,520,286425,286692,12,2,Self-Employed,6,Good,0
28,142536,772,375982,933286,60,4,Salaried,10,Average,1
32,86101,832,4841,76015,60,1,Salaried,11,Good,1
53,37821,793,97204,537943,48,0,Salaried,3,Good,1
46,40494,381,60155,424494,36,4,Salaried,15,Good,1
59,114477,821,420134,902836,60,2,Salaried,15,Good,1
48,141083,311,318457,166751,48,1,Self-Employed,6,Good,1
25,127698,562,259589,965239,12,1,Business,12,Poor,0
28,126560,748,261140,755641,36,0,Salaried,4,Good,1
45,146907,491,373832,98231,36,0,Salaried,0,Average,0
47,33646,413,148515,734392,24,2,Salaried,4,Good,0
43,138777,325,425466,340449,12,1,Unemployed,13,Good,0
50,92360,798,132994,104306,36,0,Business,10,Good,1
43,52335,807,294120,269248,48,1,Self-Employed,1,Good,1
40,84351,844,143063,171139,60,2,Unemployed,17,Good,1
38,129934,361,104405,592606,12,1,Salaried,14,Good,1
38,148501,528,53744,194318,12,4,Unemployed,13,Good,1
22,56950,334,415949,213674,36,1,Salaried,12,Poor,0
24,75654,755,2473,333728,36,3,Salaried,1,Good,1
50,122422,801,139180,821687,36,3,Self-Employed,18,Average,1
53,124934,324,28715,589457,48,2,Salaried,7,Poor,1
56,134975,331,244826,75968,24,2,Self-Employed,16,Average,1
38,106186,311,253856,973889,36,2,Salaried,14,Poor,1
57,119234,618,239419,254830,24,4,Self-Employed,19,Good,1
39,117326,300,252508,959116,24,4,Salaried,20,Average,1
48,92527,734,425426,689679,12,1,Salaried,13,Good,1
60,101704,435,299461,337588,60,0,Unemployed,2,Good,0
40,111952,495,327660,284856,60,3,Business,16,Average,1
53,75782,432,164434,566328,48,3,Unemployed,2,Poor,1
32,86116,385,54604,418225,48,3,Business,12,Poor,0
35,104626,775,4889,112497,60,1,Self-Employed,17,Good,1
59,61015,623,220629,579650,60,1,Self-Employed,0,Good,1
22,117877,479,335892,935686,12,2,Salaried,6,Average,1
49,30339,815,294115,713610,12,0,Salaried,4,Average,1
30,149563,474,50551,642642,60,2,Salaried,1,Good,0
22,146778,320,134273,86368,36,1,Business,16,Good,1
31,112493,404,237230,94109,36,4,Salaried,20,Average,0
33,144526,742,236139,238717,12,2,Unemployed,9,Average,1
30,136648,348,108957,77426,24,1,Self-Employed,3,Good,1
34,40163,827,89882,954064,60,1,Business,8,Average,1
38,102508,444,300102,686925,48,4,Salaried,20,Good,0
29,54619,639,210323,613311,36,4,Salaried,10,Poor,0
59,27126,653,267825,434412,24,4,Unemployed,11,Good,1
48,79926,374,101982,502483,36,0,Salaried,11,Good,1
23,55633,618,46870,205964,24,1,Salaried,17,Poor,0
40,18317,386,390540,563168,60,4,Salaried,3,Good,0
26,59980,341,213328,945643,60,0,Salaried,8,Poor,0
47,59115,392,329347,669185,60,3,Salaried,7,Average,0
22,58158,806,159224,721367,12,3,Self-Employed,18,Poor,1
49,120364,828,50061,654065,24,3,Salaried,12,Good,1
58,30504,564,188691,94858,48,1,Self-Employed,1,Average,1
23,52196,591,58235,270510,48,0,Salaried,18,Average,0
36,80938,763,466956,402186,60,0,Business,13,Average,1
50,72388,396,300034,919530,48,3,Business,4,Good,1
60,70501,394,90073,594527,36,2,Salaried,9,Good,1
22,42043,625,323545,506185,24,3,Salaried,16,Good,1
37,48635,373,11217,980569,24,1,Salaried,19,Good,0
32,95691,635,310495,947383,24,3,Business,15,Average,0
55,48132,367,295885,91291,36,3,Business,16,Good,1
21,30366,376,413870,88805,12,0,Unemployed,0,Poor,0
35,108944,507,192386,148831,36,3,Salaried,20,Good,1
46,130267,520,263552,199515,24,4,Salaried,14,Good,1
57,54236,561,42903,59290,24,4,Salaried,16,Good,1
41,19150,709,215280,443427,24,2,Salaried,10,Average,1
51,126369,630,107042,395778,48,1,Self-Employed,4,Good,1
45,34423,643,243725,855504,12,1,Salaried,3,Good,1
43,19137,373,132290,879722,36,0,Business,20,Average,0
44,44992,553,181644,135186,24,1,Self-Employed,8,Good,1
58,125540,631,452014,851547,60,2,Business,15,Poor,0
48,130140,697,494897,579437,12,4,Salaried,11,Poor,1
41,136225,644,384333,878424,60,0,Unemployed,17,Good,1
38,81917,754,109268,329860,12,4,Unemployed,2,Poor,1
56,88690,414,30105,934156,24,2,Unemployed,14,Average,0
55,49235,612,69634,587909,12,0,Business,17,Good,1
29,34122,527,379570,450036,12,3,Business,11,Good,1
58,38956,544,458279,835088,24,1,Self-Employed,12,Average,0
50,78879,825,138691,949497,60,2,Salaried,0,Poor,1
54,73560,827,405155,866831,60,0,Self-Employed,3,Good,1
52,125310,726,18226,169374,48,4,Business,7,Good,1
23,16168,341,25322,981506,60,0,Unemployed,18,Average,0
23,60124,764,379648,355242,60,3,Self-Employed,20,Good,1
48,67797,577,320359,881943,12,2,Salaried,20,Average,0
35,50294,318,410094,365387,48,0,Self-Employed,4,Average,0
43,18516,365,399776,427275,24,2,Unemployed,10,Good,0
60,45373,466,431494,573990,24,2,Salaried,16,Good,1
31,137026,702,167284,865182,36,4,Salaried,16,Average,1
52,45270,708,94835,272682,48,1,Self-Employed,1,Good,1
56,80184,411,255027,984814,12,3,Salaried,0,Good,0
53,52879,573,73079,891830,36,0,Salaried,3,Average,1
44,64597,706,23946,787902,36,1,Salaried,8,Poor,1
59,18626,672,162812,823085,24,4,Business,1,Average,0
54,100936,338,372877,356489,60,1,Salaried,2,Good,1
48,96515,404,7253,667718,12,2,Salaried,5,Average,1
57,70390,623,79311,164921,48,2,Business,12,Good,1
27,69144,713,294957,666017,36,3,Unemployed,14,Average,1
24,19025,728,457547,626131,12,0,Unemployed,10,Average,0
57,94380,360,420848,715582,24,0,Salaried,9,Poor,0
21,133910,606,310509,999013,36,4,Unemployed,2,Poor,0
21,111055,653,67593,181458,36,3,Salaried,19,Good,1
